order_id,order_date,amount,product_id
1,2024-01-01,6724.64,101
2,2024-01-01,6679.95,105
3,2024-01-01,964.06,118
4,2024-01-01,1023.52,101
5,2024-01-02,1948.77,118
6,2024-01-02,3890.77,118
7,2024-01-02,,109
8,2024-01-03,3193.2,114
9,2024-01-03,1098.45,111
10,2024-01-03,7656.95,112
11,2024-01-03,6620.64,102
12,2024-01-03,892.44,113
13,2024-01-04,1891.14,119
14,2024-01-04,7002,108
15,2024-01-04,7824.06,108
16,2024-01-04,5793.02,115
17,2024-01-04,3325.38,112
18,2024-01-04,5559.35,103
19,2024-01-04,1636.94,108
20,2024-01-04,2131.61,118
21,2024-01-05,7430.86,108
22,2024-01-05,2555.12,113
23,2024-01-05,7911.04,119
24,2024-01-06,1456.27,115
25,2024-01-06,4942,118
26,2024-01-06,8099.84,114
27,2024-01-06,8975.47,108
28,2024-01-06,999,116
29,2024-01-06,1544,104
30,2024-01-06,5447.4,114
31,2024-01-06,8964.87,120
32,2024-01-06,7773.86,118
33,2024-01-06,6198.05,104
34,2024-01-06,6962.67,109
35,2024-01-06,4024.93,110
36,2024-01-06,8751.62,109
37,2024-01-06,8230.12,117
38,2024-01-06,7605.69,110
39,2024-01-07,6909.1,112
40,2024-01-07,8281.74,117
41,2024-01-07,370.4,116
42,2024-01-07,2306.18,110
43,2024-01-07,8532.16,119
44,2024-01-07,7380,116
45,2024-01-07,6938.34,118
46,2024-01-07,8531.27,116
47,2024-01-07,7876.41,117
48,2024-01-08,6845.33,118
49,2024-01-08,3710.13,110
50,2024-01-08,4054.28,112
51,2024-01-08,2380.57,104
52,2024-01-08,5376.12,101
53,2024-01-08,262.28,108
54,2024-01-09,792.12,108
55,2024-01-09,822.54,111
56,2024-01-09,2084.28,116
57,2024-01-10,7103.65,108
58,2024-01-10,1029.07,107
59,2024-01-10,3926.49,112
60,2024-01-10,6124.61,102
61,2024-01-10,732.39,104
62,2024-01-10,2387.18,104
63,2024-01-10,1432.6,115
64,2024-01-10,2397.3,115
65,2024-01-10,7309.6,115
66,2024-01-10,644.18,104
67,2024-01-11,8351.03,103
68,2024-01-11,3775.44,106
69,2024-01-11,8140.5,113
70,2024-01-12,2532.79,113
71,2024-01-12,2709.19,115
72,2024-01-12,6023.47,118
73,2024-01-13,8723.64,107
74,2024-01-13,735.43,118
75,2024-01-13,5339.76,102
76,2024-01-13,1584.41,117
77,2024-01-13,7690.81,103
78,2024-01-13,6140.87,103
79,2024-01-13,8485.05,104
80,2024-01-13,5430.77,119
81,2024-01-13,5983.88,114
82,2024-01-13,8424.42,111
83,2024-01-14,3681.92,109
84,2024-01-14,4222.58,110
85,2024-01-14,280.98,103
86,2024-01-14,8964.65,119
87,2024-01-14,4650.79,107
88,2024-01-14,7950.6,112
89,2024-01-14,2706.89,112
90,2024-01-14,6390.15,118
91,2024-01-14,267.84,117
92,2024-01-14,8398.45,110
93,2024-01-14,2526.3,105
94,2024-01-15,2678.46,109
95,2024-01-15,1990.66,111
96,2024-01-15,4646.6,109
97,2024-01-15,1011.23,102
98,2024-01-15,586.96,109
99,2024-01-16,1620.92,109
100,2024-01-16,5134.98,114
101,2024-01-16,5000.19,105
102,2024-01-16,5061.22,119
103,2024-01-16,2911.67,102
104,2024-01-17,2047.67,112
105,2024-01-17,3311.37,104
106,2024-01-17,8768.77,114
107,2024-01-18,8789.61,106
108,2024-01-18,417.12,114
109,2024-01-18,7084,111
110,2024-01-18,2546.89,108
111,2024-01-18,3565.37,104
112,2024-01-18,2156.42,116
113,2024-01-19,2884.68,112
114,2024-01-19,2160.73,108
115,2024-01-19,3087.71,113
116,2024-01-19,3289.09,109
117,2024-01-19,3113.12,118
118,2024-01-19,1770.4,109
119,2024-01-19,535.66,109
120,2024-01-19,6610.2,112
121,2024-01-19,8860.28,120
122,2024-01-19,1871.69,119
123,2024-01-20,8344.06,117
124,2024-01-20,3404.15,107
125,2024-01-20,5682.77,111
126,2024-01-20,6532.84,104
127,2024-01-20,6067.66,110
128,2024-01-20,5077.83,110
129,2024-01-20,6159.4,113
130,2024-01-20,5207.13,120
131,2024-01-20,2873.1,101
132,2024-01-20,5537.62,119
133,2024-01-20,4090.01,115
134,2024-01-21,2696.32,103
135,2024-01-21,3148.66,120
136,2024-01-21,6119.6,108
137,2024-01-21,1495.71,107
138,2024-01-21,5578.21,116
139,2024-01-21,3846.08,115
140,2024-01-21,6520.44,107
141,2024-01-21,2346.06,113
142,2024-01-21,8054.41,101
143,2024-01-21,7049.1,104
144,2024-01-21,4287.04,117
145,2024-01-21,4215.86,104
146,2024-01-21,8892.45,117
147,2024-01-22,7371.06,120
148,2024-01-22,7508.01,114
149,2024-01-22,6743.17,106
150,2024-01-22,6814.64,109
151,2024-01-22,6938.16,109
152,2024-01-22,2615.46,108
153,2024-01-22,2262.54,110
154,2024-01-22,908.08,118
155,2024-01-22,6305.76,113
156,2024-01-22,3849.84,103
157,2024-01-23,746.94,114
158,2024-01-23,8161.58,113
159,2024-01-23,7738.24,101
160,2024-01-23,4396.42,113
161,2024-01-23,6829.58,110
162,2024-01-23,4935.34,114
163,2024-01-23,8099.74,120
164,2024-01-23,4034.36,109
165,2024-01-23,6085.09,111
166,2024-01-23,7595.45,106
167,2024-01-24,5407.66,113
168,2024-01-24,5855.2,103
169,2024-01-24,1798.22,115
170,2024-01-25,4200.35,107
171,2024-01-25,2647.66,113
172,2024-01-25,2418.99,114
173,2024-01-25,6790.41,101
174,2024-01-25,2172.16,112
175,2024-01-25,6836.25,102
176,2024-01-25,7584.21,107
177,2024-01-25,1309.74,108
178,2024-01-26,6354.29,115
179,2024-01-26,5530.86,106
180,2024-01-26,7043.57,104
181,2024-01-26,1150.27,110
182,2024-01-26,5266.01,110
183,2024-01-26,3689.56,113
184,2024-01-27,6334.3,104
185,2024-01-27,7287.65,120
186,2024-01-27,7086.19,119
187,2024-01-27,6020.39,114
188,2024-01-27,310.34,111
189,2024-01-27,1127.74,116
190,2024-01-27,6423.32,115
191,2024-01-28,4032.06,115
192,2024-01-28,3035.28,109
193,2024-01-28,2653.57,103
194,2024-01-28,5213.68,115
195,2024-01-28,451.56,111
196,2024-01-28,4489.44,106
197,2024-01-28,3193.98,109
198,2024-01-28,5089.96,109
199,2024-01-28,952.39,107
200,2024-01-28,5084.55,116
201,2024-01-28,5882.95,116
202,2024-01-28,1017.87,101
203,2024-01-29,6041.85,110
204,2024-01-29,4871.11,118
205,2024-01-29,3109.96,118
206,2024-01-29,2897.28,109
207,2024-01-29,2975.82,107
208,2024-01-29,1884.56,106
209,2024-01-30,8793.14,119
210,2024-01-30,8827.49,110
211,2024-01-30,2200.85,110
212,2024-01-30,6429.56,101
213,2024-01-30,8772.8,102
214,2024-01-30,5812.25,105
215,2024-01-30,7878.93,104
216,2024-01-31,4075.13,116
217,2024-01-31,2420.81,102
218,2024-01-31,7433.62,104
219,2024-01-31,5276.79,103
220,2024-01-31,1511.94,105
221,2024-01-31,948.59,110
222,2024-01-31,6926.1,118
223,2024-01-31,2185.05,120
224,2024-01-31,8193.84,115
225,2024-01-31,8911.28,119
226,2024-02-01,8647.96,120
227,2024-02-01,5703.53,107
228,2024-02-01,1581.1,103
229,2024-02-02,222.55,106
230,2024-02-02,4334.23,120
231,2024-02-02,6420.21,110
232,2024-02-02,825.38,115
233,2024-02-03,1209.03,114
234,2024-02-03,8193.02,105
235,2024-02-03,723.81,103
236,2024-02-03,6789.83,120
237,2024-02-03,4063.55,110
238,2024-02-03,6356.66,110
239,2024-02-03,4950.84,117
240,2024-02-03,549.77,120
241,2024-02-03,5511.68,111
242,2024-02-03,8663.82,108
243,2024-02-04,553.04,119
244,2024-02-04,4765.88,116
245,2024-02-04,1796.1,109
246,2024-02-04,8726.69,116
247,2024-02-04,3132.11,114
248,2024-02-04,3101.27,106
249,2024-02-04,6029.74,110
250,2024-02-05,973.93,115
251,2024-02-05,8736.63,104
252,2024-02-05,,117
253,2024-02-06,676,114
254,2024-02-06,6855.7,120
255,2024-02-06,1990.31,102
256,2024-02-06,4054.42,110
257,2024-02-06,453.05,104
258,2024-02-06,6445.09,108
259,2024-02-06,5058.81,101
260,2024-02-06,4259.74,104
261,2024-02-06,4584.7,105
262,2024-02-06,6406.62,117
263,2024-02-07,2343.83,116
264,2024-02-07,1876.37,113
265,2024-02-07,7802.44,105
266,2024-02-07,3189.9,114
267,2024-02-07,7419.84,109
268,2024-02-07,7568.79,110
269,2024-02-07,7813.29,116
270,2024-02-07,3236.09,116
271,2024-02-07,3518.45,118
272,2024-02-07,8829.82,107
273,2024-02-08,7731.91,108
274,2024-02-08,6752.41,111
275,2024-02-08,3596.49,113
276,2024-02-08,4557.89,105
277,2024-02-08,8694.11,117
278,2024-02-08,7891.88,104
279,2024-02-08,8210.89,117
280,2024-02-08,3806.81,105
281,2024-02-08,857.49,105
282,2024-02-09,5683.68,111
283,2024-02-09,7694.53,103
284,2024-02-09,3543.08,118
285,2024-02-09,7875.97,116
286,2024-02-09,2264.98,103
287,2024-02-09,8976.35,110
288,2024-02-09,8808.37,114
289,2024-02-10,6306.21,106
290,2024-02-10,3053.5,102
291,2024-02-10,3497.6,112
292,2024-02-10,3825.06,117
293,2024-02-10,1694.86,106
294,2024-02-10,5652.45,113
295,2024-02-10,1458.44,119
296,2024-02-10,4243.22,109
297,2024-02-10,8129.64,115
298,2024-02-11,8517.07,115
299,2024-02-11,5821.66,110
300,2024-02-11,4219.16,109
301,2024-02-11,7708.35,113
302,2024-02-11,5231.92,113
303,2024-02-11,392.07,110
304,2024-02-11,2614.43,113
305,2024-02-12,6756.51,120
306,2024-02-12,7025.52,110
307,2024-02-12,2126.24,112
308,2024-02-13,5727.58,105
309,2024-02-13,2917.61,102
310,2024-02-13,3409.78,119
311,2024-02-13,3074.13,110
312,2024-02-13,1362.01,107
313,2024-02-13,4870.5,112
314,2024-02-13,2460.34,106
315,2024-02-14,6768.72,110
316,2024-02-14,4320.32,104
317,2024-02-14,7768.24,108
318,2024-02-14,8710.97,113
319,2024-02-14,993.67,112
320,2024-02-14,4920.84,109
321,2024-02-14,5343.13,109
322,2024-02-14,1152.45,112
323,2024-02-14,5651.01,101
324,2024-02-14,8253.25,111
325,2024-02-15,8201.61,115
326,2024-02-15,1225.75,114
327,2024-02-15,2877.41,102
328,2024-02-15,2265.24,104
329,2024-02-16,3463.9,115
330,2024-02-16,3887.32,118
331,2024-02-16,7990.64,105
332,2024-02-16,5616.74,116
333,2024-02-16,486.9,109
334,2024-02-16,4112.32,115
335,2024-02-16,1073.32,112
336,2024-02-16,8133.93,118
337,2024-02-16,3702.63,102
338,2024-02-17,6031.36,103
339,2024-02-17,8744.62,120
340,2024-02-17,2342.41,111
341,2024-02-17,2004.81,119
342,2024-02-17,2021.98,118
343,2024-02-17,3090.32,108
344,2024-02-17,223.95,120
345,2024-02-17,8889.24,105
346,2024-02-17,1166.35,106
347,2024-02-18,7150.87,112
348,2024-02-18,337.87,111
349,2024-02-18,6726.12,105
350,2024-02-18,4389.96,103
351,2024-02-18,5423.26,117
352,2024-02-18,8518.66,108
353,2024-02-18,2853.35,117
354,2024-02-19,8986.56,102
355,2024-02-19,6236.66,114
356,2024-02-19,845.72,115
357,2024-02-20,1309.49,103
358,2024-02-20,5024.54,119
359,2024-02-20,4867.9,120
360,2024-02-20,3984.75,120
361,2024-02-20,7703.58,104
362,2024-02-21,4172.68,114
363,2024-02-21,7480.29,111
364,2024-02-21,2949.43,104
365,2024-02-21,3492.85,109
366,2024-02-21,789.77,116
367,2024-02-21,3999.51,103
368,2024-02-22,5095.06,105
369,2024-02-22,5141.81,118
370,2024-02-22,3310.66,114
371,2024-02-22,7838.21,114
372,2024-02-22,5482.61,110
373,2024-02-22,4664.23,119
374,2024-02-22,2172.35,116
375,2024-02-22,3433.54,118
376,2024-02-23,7636.37,114
377,2024-02-23,5598.44,120
378,2024-02-23,5558.16,101
379,2024-02-23,453.79,109
380,2024-02-23,8308.53,110
381,2024-02-23,7853.79,106
382,2024-02-24,6719.53,105
383,2024-02-24,6764.78,103
384,2024-02-24,4191.08,114
385,2024-02-24,6549.04,110
386,2024-02-24,5445.77,119
387,2024-02-24,1584.21,105
388,2024-02-24,2593.51,103
389,2024-02-24,5541.27,116
390,2024-02-24,6842.5,107
391,2024-02-24,1174.83,114
392,2024-02-24,4481.37,119
393,2024-02-25,8862.12,113
394,2024-02-25,2851.49,107
395,2024-02-25,6923.62,105
396,2024-02-25,267.02,104
397,2024-02-25,1335.83,106
398,2024-02-25,4601.31,108
399,2024-02-26,3693.23,103
400,2024-02-26,363.93,114
401,2024-02-26,5265.68,111
402,2024-02-26,2746.73,114
403,2024-02-26,1711.48,111
404,2024-02-26,7520.83,115
405,2024-02-26,4042.06,103
406,2024-02-26,5381.07,114
407,2024-02-27,6762.08,110
408,2024-02-27,871.14,106
409,2024-02-27,4686.58,117
410,2024-02-27,3288.68,112
411,2024-02-27,2278.17,105
412,2024-02-27,1725.79,107
413,2024-02-27,1757.89,103
414,2024-02-27,4281.79,116
415,2024-02-27,4149.37,119
416,2024-02-28,1527.43,111
417,2024-02-28,5755.19,115
418,2024-02-28,693.31,119
419,2024-02-28,4262.33,110
420,2024-02-28,7517.93,112
421,2024-02-28,5611.07,103
422,2024-02-28,5305.9,115
423,2024-02-28,4156.66,102
424,2024-02-29,5523.05,111
425,2024-02-29,4163.6,102
426,2024-02-29,8843.99,111
427,2024-02-29,543.45,106
428,2024-02-29,4810.8,115
429,2024-02-29,3480.1,112
430,2024-03-01,6173.3,111
431,2024-03-01,779.02,111
432,2024-03-01,2699.49,113
433,2024-03-01,7883.86,120
434,2024-03-01,6038.79,119
435,2024-03-01,8714.73,110
436,2024-03-01,1333.77,113
437,2024-03-01,2923.32,103
438,2024-03-01,7355.03,111
439,2024-03-02,3383.09,117
440,2024-03-02,8569.29,106
441,2024-03-02,1888.65,116
442,2024-03-02,878.05,105
443,2024-03-02,4666.67,104
444,2024-03-02,531.18,117
445,2024-03-02,1352.23,120
446,2024-03-02,1790.44,106
447,2024-03-02,7318.58,120
448,2024-03-03,3404.83,114
449,2024-03-03,5572.24,115
450,2024-03-03,2258.23,115
451,2024-03-03,8153.97,116
452,2024-03-03,8862.07,119
453,2024-03-03,7046.49,110
454,2024-03-03,8702.16,114
455,2024-03-03,1416.91,120
456,2024-03-03,7891.23,116
457,2024-03-03,6459.33,104
458,2024-03-03,2707.55,104
459,2024-03-03,4153.01,109
460,2024-03-04,8527.44,103
461,2024-03-04,7983.74,115
462,2024-03-04,667.66,114
463,2024-03-04,3597.26,108
464,2024-03-04,447.05,108
465,2024-03-04,7163.15,111
466,2024-03-04,8272.09,110
467,2024-03-04,6876.8,105
468,2024-03-04,245.21,120
469,2024-03-05,7546.68,107
470,2024-03-05,4843.39,120
471,2024-03-05,2290.23,110
472,2024-03-05,3893.46,108
473,2024-03-05,751.7,115
474,2024-03-05,5450.3,116
475,2024-03-05,5259.42,117
476,2024-03-06,212.77,114
477,2024-03-06,3864.79,119
478,2024-03-06,4805.66,103
479,2024-03-06,4986.92,117
480,2024-03-06,5075.54,117
481,2024-03-06,582.1,116
482,2024-03-06,2431.12,112
483,2024-03-07,2320.91,112
484,2024-03-07,6988.21,104
485,2024-03-07,1373,111
486,2024-03-07,7357.88,111
487,2024-03-08,5758.28,116
488,2024-03-08,6500.2,103
489,2024-03-08,2781.29,102
490,2024-03-08,7993.96,107
491,2024-03-08,4734.38,110
492,2024-03-08,4364.92,118
493,2024-03-08,2716.78,107
494,2024-03-08,7818.02,102
495,2024-03-08,7233.21,104
496,2024-03-08,6740.11,113
497,2024-03-09,4565.59,106
498,2024-03-09,2546.14,117
499,2024-03-09,893.56,114
500,2024-03-09,4999.17,106
501,2024-03-09,3084.7,103
502,2024-03-09,5502.07,115
503,2024-03-09,3292.61,115
504,2024-03-09,5609.69,112
505,2024-03-09,859.36,102
506,2024-03-09,4714.16,112
507,2024-03-09,8583.55,106
508,2024-03-09,6166.18,120
509,2024-03-09,790.65,105
510,2024-03-10,8554.31,113
511,2024-03-10,6174.75,105
512,2024-03-10,4105.67,112
513,2024-03-10,4858.25,105
514,2024-03-10,2395.58,109
515,2024-03-10,4590.59,106
516,2024-03-10,1235.3,118
517,2024-03-10,2087.22,115
518,2024-03-10,1960.57,116
519,2024-03-10,4176.98,103
520,2024-03-10,8974.91,115
521,2024-03-10,6075.99,111
522,2024-03-11,7690.99,110
523,2024-03-11,7183.53,106
524,2024-03-11,8868.17,104
525,2024-03-11,7154.28,108
526,2024-03-11,5235.04,118
527,2024-03-11,1340.99,118
528,2024-03-11,2920.76,103
529,2024-03-12,3814,117
530,2024-03-12,848.01,119
531,2024-03-12,4158.78,103
532,2024-03-12,1328.34,112
533,2024-03-12,5829.19,118
534,2024-03-12,4006.04,105
535,2024-03-12,7515.24,102
536,2024-03-12,1647.98,110
537,2024-03-12,3244,108
538,2024-03-12,7643.22,110
539,2024-03-13,5699.2,105
540,2024-03-13,4621.64,103
541,2024-03-13,1555.91,119
542,2024-03-13,3170.05,120
543,2024-03-13,7461.08,102
544,2024-03-13,8546.21,102
545,2024-03-13,5928.94,109
546,2024-03-14,5822.12,120
547,2024-03-14,2748.11,118
548,2024-03-14,2353.93,116
549,2024-03-14,2816.42,113
550,2024-03-14,1590.11,102
551,2024-03-14,1994.4,115
552,2024-03-14,7780.07,111
553,2024-03-14,8782.29,112
554,2024-03-14,4730.83,112
555,2024-03-15,1277.19,115
556,2024-03-15,1050.94,105
557,2024-03-15,7803.64,113
558,2024-03-15,7357.61,106
559,2024-03-15,1869.54,111
560,2024-03-15,4306.97,117
561,2024-03-16,8517.05,103
562,2024-03-16,2092.27,108
563,2024-03-16,2674.94,102
564,2024-03-16,,116
565,2024-03-16,3991.16,104
566,2024-03-16,6920.94,112
567,2024-03-16,649.19,113
568,2024-03-16,5067.36,112
569,2024-03-16,4162.12,117
570,2024-03-16,6186.51,120
571,2024-03-16,3665.35,104
572,2024-03-16,5107.92,111
573,2024-03-17,4679.28,120
574,2024-03-17,541.44,102
575,2024-03-17,4769.13,116
576,2024-03-17,1429.07,117
577,2024-03-17,1629.02,111
578,2024-03-17,5423.78,110
579,2024-03-17,4883.59,117
580,2024-03-17,4378.05,110
581,2024-03-18,8822.1,104
582,2024-03-18,5451.8,101
583,2024-03-18,5282.18,119
584,2024-03-18,4426.95,119
585,2024-03-18,7015.53,120
586,2024-03-18,476.82,108
587,2024-03-18,1877.9,104
588,2024-03-18,1531.6,114
589,2024-03-19,7018.76,117
590,2024-03-19,6409.82,102
591,2024-03-19,3059.44,118
592,2024-03-19,3515.06,117
593,2024-03-19,8225.69,115
594,2024-03-19,6146.64,112
595,2024-03-19,5567.67,109
596,2024-03-19,2654.26,108
597,2024-03-19,6985.33,110
598,2024-03-20,4421.27,111
599,2024-03-20,2731.55,109
600,2024-03-20,3540.31,118
601,2024-03-20,8599.56,112
602,2024-03-20,569.19,110
603,2024-03-20,3247,103
604,2024-03-20,6775.58,109
605,2024-03-20,2584.97,118
606,2024-03-20,1407,109
607,2024-03-20,2304.68,119
608,2024-03-21,660.92,108
609,2024-03-21,1083.8,116
610,2024-03-21,8686.77,101
611,2024-03-21,3779.79,106
612,2024-03-21,4400.55,116
613,2024-03-21,3025.28,110
614,2024-03-22,2242.54,119
615,2024-03-22,8235.42,102
616,2024-03-22,8417.52,106
617,2024-03-22,7133.05,113
618,2024-03-23,2824.85,101
619,2024-03-23,2703.14,111
620,2024-03-23,4813,118
621,2024-03-23,7688.33,105
622,2024-03-23,7316.56,107
623,2024-03-23,5903.91,115
624,2024-03-23,6681.24,101
625,2024-03-23,6133.73,119
626,2024-03-23,7733.09,120
627,2024-03-24,3726.33,103
628,2024-03-24,4400.6,105
629,2024-03-24,2493.91,101
630,2024-03-24,8594.51,109
631,2024-03-24,299.63,119
632,2024-03-24,745.69,108
633,2024-03-24,1604.51,110
634,2024-03-24,6273.56,110
635,2024-03-24,3433.39,110
636,2024-03-24,4407,105
637,2024-03-24,3486.9,120
638,2024-03-24,6863.68,116
639,2024-03-24,6903.36,107
640,2024-03-25,4130.38,117
641,2024-03-25,8270.75,103
642,2024-03-25,8144.42,118
643,2024-03-25,1517.7,118
644,2024-03-26,6185.6,104
645,2024-03-26,999.29,116
646,2024-03-26,4189.2,102
647,2024-03-26,5161.42,115
648,2024-03-26,6563.86,110
649,2024-03-26,6762.08,101
650,2024-03-26,3927.54,102
651,2024-03-26,8947.29,118
652,2024-03-26,8877.01,103
653,2024-03-26,3797.03,110
654,2024-03-27,8936.14,112
655,2024-03-27,3504.68,113
656,2024-03-27,1369.31,118
657,2024-03-27,1769.57,104
658,2024-03-27,1319.65,117
659,2024-03-27,6853.38,101
660,2024-03-27,6125.8,115
661,2024-03-27,3536.63,118
662,2024-03-27,3245.21,115
663,2024-03-28,7322.41,102
664,2024-03-28,2316.86,101
665,2024-03-28,494.47,120
666,2024-03-28,2352.66,102
667,2024-03-29,4948.89,108
668,2024-03-29,1432.19,102
669,2024-03-29,7377.92,108
670,2024-03-29,5280.78,111
671,2024-03-29,2283.76,111
672,2024-03-29,2144.18,117
673,2024-03-29,5098.12,102
674,2024-03-29,5707.74,106
675,2024-03-29,611.58,116
676,2024-03-29,7114.08,113
677,2024-03-30,2838.02,105
678,2024-03-30,4365.97,118
679,2024-03-30,7745.36,110
680,2024-03-30,8248.72,115
681,2024-03-30,5103.12,114
682,2024-03-30,2442.96,108
683,2024-03-30,8314.59,103
684,2024-03-30,4912.59,103
685,2024-03-30,2561.46,102
686,2024-03-30,547.02,120
687,2024-03-30,6572.89,119
688,2024-03-30,2037.22,116
689,2024-03-30,8620.77,110
690,2024-03-30,8665.28,107
691,2024-03-31,6392.16,120
692,2024-03-31,5057.3,108
693,2024-03-31,4302,113
694,2024-03-31,2500.74,110
695,2024-03-31,4299.84,116
696,2024-03-31,6901.33,116
697,2024-03-31,3461.2,107
698,2024-03-31,7802.95,119
699,2024-03-31,2493.81,101
700,2024-03-31,6535.11,119
701,2024-03-31,3101.81,107
702,2024-03-31,4592.85,108
703,2024-03-31,2463.48,111
704,2024-04-01,1679.46,115
705,2024-04-01,1430.64,106
706,2024-04-01,8267.71,106
707,2024-04-01,4809.71,102
708,2024-04-01,8516.66,103
709,2024-04-01,3828.05,101
710,2024-04-01,797.12,108
711,2024-04-01,4649.45,107
712,2024-04-01,5811.01,120
713,2024-04-01,6000.7,116
714,2024-04-02,346.19,101
715,2024-04-02,8800.82,118
716,2024-04-02,7293.28,114
717,2024-04-02,8277.83,104
718,2024-04-02,1888,108
719,2024-04-02,2551.46,112
720,2024-04-02,8640.82,112
721,2024-04-02,8913.05,108
722,2024-04-02,5951.87,103
723,2024-04-03,3765.45,103
724,2024-04-03,,116
725,2024-04-03,926.64,106
726,2024-04-04,8799.5,119
727,2024-04-04,8287.54,117
728,2024-04-04,4383.4,119
729,2024-04-04,6221.97,103
730,2024-04-04,5157.89,118
731,2024-04-04,336.79,111
732,2024-04-04,6818.84,105
733,2024-04-04,8373.1,113
734,2024-04-05,7543.92,119
735,2024-04-05,3118.22,118
736,2024-04-05,7155.38,105
737,2024-04-05,4605.98,103
738,2024-04-05,1058.63,102
739,2024-04-05,3196.22,103
740,2024-04-06,5779.28,101
741,2024-04-06,4516.31,115
742,2024-04-06,3999.26,113
743,2024-04-06,953.11,113
744,2024-04-06,6474.36,108
745,2024-04-06,3543,105
746,2024-04-06,6707.97,105
747,2024-04-06,1004.38,104
748,2024-04-06,3366.27,115
749,2024-04-06,967.22,105
750,2024-04-06,5080.71,118
751,2024-04-06,987.65,101
752,2024-04-06,5461.79,120
753,2024-04-07,3840.53,110
754,2024-04-07,8164.83,118
755,2024-04-07,4784.72,119
756,2024-04-07,1420.79,106
757,2024-04-07,1483.23,116
758,2024-04-07,3904.7,109
759,2024-04-07,3376.9,103
760,2024-04-07,5424.5,116
761,2024-04-07,,104
762,2024-04-07,3122.51,113
763,2024-04-07,4072.96,111
764,2024-04-08,3020.85,110
765,2024-04-08,4414.29,107
766,2024-04-08,8723.78,113
767,2024-04-08,8715.32,116
768,2024-04-08,3508.29,111
769,2024-04-09,1201.21,112
770,2024-04-09,8974.93,119
771,2024-04-09,435.86,118
772,2024-04-09,4057.4,107
773,2024-04-09,7405.9,103
774,2024-04-09,6121.2,114
775,2024-04-09,2328.79,110
776,2024-04-09,7142.88,114
777,2024-04-09,4416.27,120
778,2024-04-10,522.53,118
779,2024-04-10,5424.62,118
780,2024-04-10,6965.8,104
781,2024-04-10,1662.78,112
782,2024-04-10,8854.75,119
783,2024-04-10,8706.94,113
784,2024-04-10,1131.31,114
785,2024-04-10,4692.95,108
786,2024-04-10,6250.45,119
787,2024-04-11,4273.96,113
788,2024-04-11,1525.56,117
789,2024-04-11,1119.03,116
790,2024-04-11,1220.41,103
791,2024-04-11,3264.29,105
792,2024-04-11,4784.81,107
793,2024-04-11,4054.86,104
794,2024-04-11,790.13,111
795,2024-04-12,7671.78,101
796,2024-04-12,8382.32,106
797,2024-04-12,1734.19,117
798,2024-04-12,3951.05,118
799,2024-04-13,5835.21,106
800,2024-04-13,6688.02,101
801,2024-04-13,5410.39,115
802,2024-04-13,2009.9,107
803,2024-04-13,5279.66,103
804,2024-04-13,1844.25,118
805,2024-04-13,1201.8,115
806,2024-04-13,4842.89,116
807,2024-04-13,3619.03,120
808,2024-04-13,3260.74,104
809,2024-04-13,1717.24,120
810,2024-04-13,8283.41,110
811,2024-04-14,2298.44,104
812,2024-04-14,6301.24,112
813,2024-04-14,5447.55,114
814,2024-04-14,1833.63,114
815,2024-04-14,5082.23,106
816,2024-04-14,1845.47,105
817,2024-04-14,670.78,120
818,2024-04-14,4463.56,101
819,2024-04-14,8680.7,113
820,2024-04-15,6224.33,114
821,2024-04-15,4499.56,115
822,2024-04-15,7202.75,101
823,2024-04-15,2617.71,102
824,2024-04-15,7069.51,106
825,2024-04-15,5036.59,116
826,2024-04-15,2556.42,104
827,2024-04-15,4968.98,112
828,2024-04-15,5006.91,115
829,2024-04-15,6675.7,104
830,2024-04-16,7897.33,110
831,2024-04-16,3266.48,109
832,2024-04-16,7813.56,115
833,2024-04-16,2045.93,108
834,2024-04-16,7776.23,112
835,2024-04-16,1659.64,114
836,2024-04-17,7286.88,107
837,2024-04-17,2672.55,118
838,2024-04-17,8814.2,111
839,2024-04-17,2551.62,119
840,2024-04-17,1392.18,104
841,2024-04-17,8284.16,114
842,2024-04-18,2396.16,105
843,2024-04-18,6899.97,108
844,2024-04-18,1450.11,116
845,2024-04-18,3500.52,114
846,2024-04-18,3744.09,103
847,2024-04-19,8561.24,115
848,2024-04-19,7845.39,101
849,2024-04-19,6631.2,103
850,2024-04-19,7679.93,112
851,2024-04-19,2115.9,113
852,2024-04-19,4552.49,107
853,2024-04-19,3171.25,110
854,2024-04-19,7700.32,119
855,2024-04-20,5709.38,104
856,2024-04-20,1292.29,101
857,2024-04-20,4216.36,115
858,2024-04-20,1979.4,114
859,2024-04-20,7961.9,105
860,2024-04-21,2402.43,112
861,2024-04-21,654.73,106
862,2024-04-21,3976.23,108
863,2024-04-21,208.56,104
864,2024-04-21,5423.38,105
865,2024-04-21,280.73,115
866,2024-04-21,8894.76,104
867,2024-04-21,4402.76,105
868,2024-04-21,6629.72,103
869,2024-04-22,7951.7,112
870,2024-04-22,5844.87,105
871,2024-04-22,,103
872,2024-04-22,4071.87,106
873,2024-04-22,8294.07,105
874,2024-04-22,7766.67,115
875,2024-04-22,1431.12,104
876,2024-04-22,3292.51,113
877,2024-04-23,2636.32,108
878,2024-04-23,5487.79,118
879,2024-04-23,7053.93,110
880,2024-04-23,2006.92,110
881,2024-04-23,6780.02,107
882,2024-04-24,4554.01,108
883,2024-04-24,5814.12,116
884,2024-04-24,8883.57,101
885,2024-04-25,7774.16,113
886,2024-04-25,5006.93,112
887,2024-04-25,8598.19,116
888,2024-04-25,5367.8,101
889,2024-04-25,549.48,107
890,2024-04-26,2720.09,117
891,2024-04-26,3926.46,114
892,2024-04-26,4930.37,118
893,2024-04-26,2926.18,103
894,2024-04-26,8772.96,107
895,2024-04-26,3637.44,111
896,2024-04-26,2928.49,103
897,2024-04-26,708.57,108
898,2024-04-26,1219.68,114
899,2024-04-27,1250.1,106
900,2024-04-27,1640.73,101
901,2024-04-27,4750.56,117
902,2024-04-27,1668.27,109
903,2024-04-27,6648.84,109
904,2024-04-27,3147.1,101
905,2024-04-27,761.07,117
906,2024-04-28,4693.88,115
907,2024-04-28,1667.56,119
908,2024-04-28,8068.56,104
909,2024-04-28,2208.96,104
910,2024-04-28,7755.46,102
911,2024-04-28,4350.53,102
912,2024-04-28,1773.86,105
913,2024-04-28,5064.21,102
914,2024-04-28,2174.73,114
915,2024-04-29,7467.77,109
916,2024-04-29,4616.96,104
917,2024-04-29,2163.03,106
918,2024-04-29,8594.9,102
919,2024-04-29,7820.08,115
920,2024-04-29,3079.25,110
921,2024-04-29,3445.49,101
922,2024-04-29,6707.27,110
923,2024-04-30,8751.35,119
924,2024-04-30,6644.68,107
925,2024-04-30,1523.98,108
926,2024-04-30,2249.38,101
927,2024-04-30,,101
928,2024-04-30,7670.25,113
929,2024-04-30,2004.71,104
930,2024-04-30,4528.85,114
931,2024-05-01,1017.63,109
932,2024-05-01,3833.9,117
933,2024-05-01,8775.08,115
934,2024-05-01,4646.76,104
935,2024-05-01,857.51,113
936,2024-05-02,2282.59,105
937,2024-05-02,8348.17,111
938,2024-05-02,2997.91,111
939,2024-05-02,8502.28,103
940,2024-05-02,1157.96,119
941,2024-05-02,4300.28,115
942,2024-05-02,3351.93,118
943,2024-05-02,2912.11,115
944,2024-05-02,994.7,104
945,2024-05-03,553.9,120
946,2024-05-03,1504.25,111
947,2024-05-03,3685.95,112
948,2024-05-03,2488.47,110
949,2024-05-03,8577.45,101
950,2024-05-03,6782.09,118
951,2024-05-03,1095.78,115
952,2024-05-04,7506.28,102
953,2024-05-04,1942.57,105
954,2024-05-04,5323.45,103
955,2024-05-04,390.84,103
956,2024-05-04,7320.83,115
957,2024-05-04,1277.24,111
958,2024-05-05,4010.78,119
959,2024-05-05,458.44,116
960,2024-05-05,3313.7,106
961,2024-05-05,2661.72,109
962,2024-05-05,5603.14,102
963,2024-05-05,4589.25,110
964,2024-05-06,970.95,102
965,2024-05-06,1954.23,114
966,2024-05-06,2391.5,117
967,2024-05-06,7193.65,118
968,2024-05-06,4420.22,112
969,2024-05-06,8230.56,112
970,2024-05-06,2578.83,113
971,2024-05-06,2126.38,120
972,2024-05-06,714.6,109
973,2024-05-06,3344.41,117
974,2024-05-07,1080.18,106
975,2024-05-07,4895.47,109
976,2024-05-07,6922.64,102
977,2024-05-07,7648.24,119
978,2024-05-07,8428.81,112
979,2024-05-07,1748.68,106
980,2024-05-08,447.22,119
981,2024-05-08,5158.74,119
982,2024-05-08,7561.93,107
983,2024-05-08,4969.7,116
984,2024-05-08,993.26,102
985,2024-05-08,374.37,108
986,2024-05-08,8276.49,111
987,2024-05-08,3197.68,105
988,2024-05-09,391.83,102
989,2024-05-09,7013.43,105
990,2024-05-09,8651.92,112
991,2024-05-09,5355.95,113
992,2024-05-09,1399.77,111
993,2024-05-09,7167.21,114
994,2024-05-09,1731.98,111
995,2024-05-09,7124.53,120
996,2024-05-10,2899.04,113
997,2024-05-10,,105
998,2024-05-10,3645.09,119
999,2024-05-10,483.97,119
1000,2024-05-10,2142.88,120
1001,2024-05-11,6758.02,111
1002,2024-05-11,1676.41,111
1003,2024-05-11,7429.62,103
1004,2024-05-11,4129.34,111
1005,2024-05-11,6298.95,108
1006,2024-05-11,6538.64,104
1007,2024-05-11,6645.74,115
1008,2024-05-11,4538.12,114
1009,2024-05-11,3502.06,118
1010,2024-05-11,5927.53,119
1011,2024-05-11,4170.33,106
1012,2024-05-11,2794.2,102
1013,2024-05-11,851.96,104
1014,2024-05-12,5013.01,103
1015,2024-05-12,3172.97,103
1016,2024-05-12,6398.64,116
1017,2024-05-12,5543.4,106
1018,2024-05-12,1090.07,102
1019,2024-05-12,3800.66,107
1020,2024-05-12,2533.33,118
1021,2024-05-12,1043.06,108
1022,2024-05-12,7589.72,118
1023,2024-05-12,232.58,112
1024,2024-05-12,4425.89,120
1025,2024-05-12,1702.32,107
1026,2024-05-13,7624.17,116
1027,2024-05-13,4343.31,113
1028,2024-05-13,1001,109
1029,2024-05-13,3463.98,106
1030,2024-05-14,591.63,115
1031,2024-05-14,2189.93,109
1032,2024-05-14,1528.95,102
1033,2024-05-14,953.22,104
1034,2024-05-14,3842.08,118
1035,2024-05-15,735.66,118
1036,2024-05-15,3882.96,117
1037,2024-05-15,5238.89,116
1038,2024-05-15,893.8,110
1039,2024-05-15,4617.49,102
1040,2024-05-15,6161.31,119
1041,2024-05-16,1720.33,115
1042,2024-05-16,7313.45,107
1043,2024-05-16,888.64,114
1044,2024-05-16,8974.97,107
1045,2024-05-17,8214.08,111
1046,2024-05-17,964.84,103
1047,2024-05-17,3068.92,118
1048,2024-05-17,8270.02,115
1049,2024-05-17,5369.67,120
1050,2024-05-17,3846.09,104
1051,2024-05-17,5326.56,119
1052,2024-05-18,7058.99,119
1053,2024-05-18,7944.19,118
1054,2024-05-18,3569.78,109
1055,2024-05-18,4361.81,120
1056,2024-05-18,1464.9,113
1057,2024-05-18,540.29,113
1058,2024-05-19,6761.6,102
1059,2024-05-19,377.05,112
1060,2024-05-19,2935.35,110
1061,2024-05-19,8756.97,104
1062,2024-05-19,8772.13,110
1063,2024-05-19,2569.9,111
1064,2024-05-19,1852.83,103
1065,2024-05-19,6719.31,114
1066,2024-05-19,7423.95,112
1067,2024-05-19,776.43,106
1068,2024-05-19,1392.72,113
1069,2024-05-20,1895.32,106
1070,2024-05-20,2394.51,102
1071,2024-05-20,6399.78,112
1072,2024-05-21,3692.09,117
1073,2024-05-21,2328.06,101
1074,2024-05-21,1761.74,115
1075,2024-05-21,5050.74,119
1076,2024-05-21,6789.86,109
1077,2024-05-21,440.56,110
1078,2024-05-21,7061.51,119
1079,2024-05-21,5895.94,108
1080,2024-05-21,5932.97,109
1081,2024-05-21,4371.06,101
1082,2024-05-22,7246.61,120
1083,2024-05-22,7283.75,120
1084,2024-05-22,3928.5,109
1085,2024-05-22,4238.18,112
1086,2024-05-22,6158.33,110
1087,2024-05-23,1099.35,119
1088,2024-05-23,5139.82,112
1089,2024-05-23,2825.59,110
1090,2024-05-23,3158.3,103
1091,2024-05-23,7780.13,111
1092,2024-05-23,1856.57,110
1093,2024-05-23,8116.25,108
1094,2024-05-23,3755.07,120
1095,2024-05-23,6546.29,105
1096,2024-05-24,8179.82,109
1097,2024-05-24,5329.61,102
1098,2024-05-24,3218.87,107
1099,2024-05-24,5816.16,118
1100,2024-05-24,4663.37,112
1101,2024-05-24,1793,118
1102,2024-05-24,6719.09,105
1103,2024-05-25,2154.83,103
1104,2024-05-25,3899.16,110
1105,2024-05-25,2491.92,112
1106,2024-05-25,4339.72,104
1107,2024-05-25,5305.76,119
1108,2024-05-25,8025.95,116
1109,2024-05-25,4861.58,113
1110,2024-05-25,1407.81,105
1111,2024-05-25,8886.29,114
1112,2024-05-26,7788.07,111
1113,2024-05-26,4489.71,103
1114,2024-05-26,2957.04,106
1115,2024-05-26,2606.05,115
1116,2024-05-26,5270.25,106
1117,2024-05-26,1337.77,103
1118,2024-05-26,3748.86,114
1119,2024-05-26,240.09,113
1120,2024-05-26,8559.6,112
1121,2024-05-26,1876.08,117
1122,2024-05-26,2190.14,108
1123,2024-05-26,1333.59,110
1124,2024-05-26,2892.81,119
1125,2024-05-27,8545.48,110
1126,2024-05-27,5447.06,117
1127,2024-05-27,3215.05,105
1128,2024-05-28,1649.97,107
1129,2024-05-28,367.3,113
1130,2024-05-28,2057.47,105
1131,2024-05-28,1686.07,117
1132,2024-05-28,3500.69,102
1133,2024-05-28,5682.59,118
1134,2024-05-28,6024.34,102
1135,2024-05-28,623.47,101
1136,2024-05-29,1286.64,113
1137,2024-05-29,2007.36,105
1138,2024-05-29,2848.82,101
1139,2024-05-29,2574.8,117
1140,2024-05-29,3884.67,105
1141,2024-05-29,6524.14,117
1142,2024-05-29,7104.89,104
1143,2024-05-29,1956.79,120
1144,2024-05-29,8762.45,117
1145,2024-05-29,2798.09,114
1146,2024-05-30,6255.19,107
1147,2024-05-30,223.09,108
1148,2024-05-30,7549.04,104
1149,2024-05-30,8554.12,105
1150,2024-05-30,6566.36,103
1151,2024-05-30,5869.16,109
1152,2024-05-30,2523.3,110
1153,2024-05-30,7891.44,106
1154,2024-05-30,7253.05,112
1155,2024-05-30,1034.99,104
1156,2024-05-31,7696.59,101
1157,2024-05-31,3091.22,106
1158,2024-05-31,2560.12,120
1159,2024-06-01,1200.72,106
1160,2024-06-01,2591.13,115
1161,2024-06-01,7238.11,116
1162,2024-06-01,1193.9,106
1163,2024-06-01,8836.81,102
1164,2024-06-01,3860.04,104
1165,2024-06-01,6168.86,119
1166,2024-06-01,7055.65,113
1167,2024-06-01,4450.1,105
1168,2024-06-01,4077.05,114
1169,2024-06-01,307.77,111
1170,2024-06-01,6953.25,117
1171,2024-06-02,4802.31,117
1172,2024-06-02,4008.06,104
1173,2024-06-02,3241.6,116
1174,2024-06-02,1507.16,113
1175,2024-06-02,679.18,120
1176,2024-06-02,4647.99,106
1177,2024-06-02,7849.86,116
1178,2024-06-02,3020.58,116
1179,2024-06-02,642.09,109
1180,2024-06-02,3747.84,113
1181,2024-06-03,7250.1,115
1182,2024-06-03,4133.2,116
1183,2024-06-03,6757.1,116
1184,2024-06-03,3827.58,113
1185,2024-06-03,7467,101
1186,2024-06-03,5809.34,120
1187,2024-06-03,2019.29,118
1188,2024-06-03,3396.41,111
1189,2024-06-03,7628.99,108
1190,2024-06-03,5478.57,120
1191,2024-06-04,1202.41,115
1192,2024-06-04,218.33,108
1193,2024-06-04,5018.68,110
1194,2024-06-04,601.85,104
1195,2024-06-04,7431.18,105
1196,2024-06-04,1140.26,114
1197,2024-06-04,1261.56,107
1198,2024-06-04,4221,107
1199,2024-06-05,6861.91,104
1200,2024-06-05,1283.33,119
1201,2024-06-05,5993.42,115
1202,2024-06-05,,105
1203,2024-06-05,5067.39,102
1204,2024-06-05,4448.8,119
1205,2024-06-05,6287,106
1206,2024-06-05,1110.27,105
1207,2024-06-06,7955.24,117
1208,2024-06-06,8259.01,120
1209,2024-06-06,3700.26,109
1210,2024-06-06,4184.04,110
1211,2024-06-06,5501.22,114
1212,2024-06-06,2829.44,117
1213,2024-06-06,6463.49,111
1214,2024-06-06,1966.82,107
1215,2024-06-07,8305.49,112
1216,2024-06-07,4633.26,106
1217,2024-06-07,6450.1,111
1218,2024-06-07,4426.26,118
1219,2024-06-07,6132.34,114
1220,2024-06-07,2715.17,118
1221,2024-06-07,4799.02,101
1222,2024-06-08,1958.14,102
1223,2024-06-08,8854.09,106
1224,2024-06-08,7585.56,105
1225,2024-06-08,1994.21,110
1226,2024-06-08,7362.43,112
1227,2024-06-08,7809.61,118
1228,2024-06-08,3621.2,118
1229,2024-06-09,3609.48,113
1230,2024-06-09,8698.33,111
1231,2024-06-09,1986.17,109
1232,2024-06-09,7502.85,115
1233,2024-06-09,6843.95,112
1234,2024-06-09,1927.93,120
1235,2024-06-09,2787.76,107
1236,2024-06-09,1844.39,103
1237,2024-06-09,1249.31,117
1238,2024-06-10,2524.31,118
1239,2024-06-10,248.68,109
1240,2024-06-10,550.48,105
1241,2024-06-10,646.53,120
1242,2024-06-10,7618.63,120
1243,2024-06-10,5040.41,119
1244,2024-06-10,4822.48,111
1245,2024-06-11,1601.46,117
1246,2024-06-11,1008.12,113
1247,2024-06-11,6036.34,107
1248,2024-06-11,2121.32,110
1249,2024-06-12,7447.46,118
1250,2024-06-12,1208.55,101
1251,2024-06-12,8158.57,108
1252,2024-06-12,2344.68,120
1253,2024-06-12,3555.08,111
1254,2024-06-12,3594.71,104
1255,2024-06-12,416.41,110
1256,2024-06-12,4724.92,112
1257,2024-06-12,584.89,116
1258,2024-06-12,3017.75,107
1259,2024-06-13,8749.33,106
1260,2024-06-13,263.51,118
1261,2024-06-13,7810.57,107
1262,2024-06-13,2008.1,104
1263,2024-06-14,6771.64,103
1264,2024-06-14,6507.44,115
1265,2024-06-14,676.56,103
1266,2024-06-14,818.89,118
1267,2024-06-14,3786.17,109
1268,2024-06-14,4009.62,113
1269,2024-06-14,4905.54,104
1270,2024-06-14,755.49,120
1271,2024-06-14,6366.76,102
1272,2024-06-15,5536.78,110
1273,2024-06-15,3555.44,115
1274,2024-06-15,4370.09,101
1275,2024-06-15,6770.43,105
1276,2024-06-15,2794.81,118
1277,2024-06-15,6159.14,110
1278,2024-06-15,8624.05,112
1279,2024-06-15,1443.09,118
1280,2024-06-16,2047.47,110
1281,2024-06-16,2062.29,112
1282,2024-06-16,1452.61,117
1283,2024-06-16,7544.79,120
1284,2024-06-16,6103.61,106
1285,2024-06-16,7691.21,102
1286,2024-06-16,4258.13,118
1287,2024-06-16,6109.83,110
1288,2024-06-16,6584.19,107
1289,2024-06-16,3341.82,111
1290,2024-06-16,1079.4,108
1291,2024-06-17,4474.58,111
1292,2024-06-17,6301.43,110
1293,2024-06-17,3406.54,119
1294,2024-06-17,1683.03,114
1295,2024-06-17,6466.35,108
1296,2024-06-17,7591.97,109
1297,2024-06-18,4272.07,116
1298,2024-06-18,4484.35,110
1299,2024-06-18,920.37,120
1300,2024-06-18,8042.41,105
1301,2024-06-18,6600.34,103
1302,2024-06-18,5757.31,117
1303,2024-06-18,3764.18,119
1304,2024-06-18,5053.03,102
1305,2024-06-19,3418.2,105
1306,2024-06-19,6651.4,119
1307,2024-06-19,4608.88,115
1308,2024-06-19,4618.07,112
1309,2024-06-19,6219.62,120
1310,2024-06-19,4125.74,105
1311,2024-06-19,6001.84,119
1312,2024-06-19,8463.74,116
1313,2024-06-19,2238.4,116
1314,2024-06-19,575.71,108
1315,2024-06-20,4332.13,113
1316,2024-06-20,550.16,102
1317,2024-06-20,6391.88,104
1318,2024-06-20,7545.88,109
1319,2024-06-20,5216.41,118
1320,2024-06-20,3413.61,113
1321,2024-06-20,4745.63,103
1322,2024-06-20,4743.07,108
1323,2024-06-21,7174.39,116
1324,2024-06-21,4615.17,101
1325,2024-06-21,2222.92,106
1326,2024-06-21,2060.35,109
1327,2024-06-21,5496.78,112
1328,2024-06-21,3847.6,108
1329,2024-06-21,4436.35,104
1330,2024-06-21,5397.96,107
1331,2024-06-22,578.67,108
1332,2024-06-22,1384.57,106
1333,2024-06-22,1491.41,119
1334,2024-06-22,4745.44,106
1335,2024-06-22,5810.08,119
1336,2024-06-22,8534.83,110
1337,2024-06-22,8935.43,120
1338,2024-06-22,2129.4,106
1339,2024-06-22,7191.62,105
1340,2024-06-22,5683.26,106
1341,2024-06-22,6571.84,106
1342,2024-06-23,3527.26,108
1343,2024-06-23,1979.67,101
1344,2024-06-23,6221.44,117
1345,2024-06-23,1046.43,120
1346,2024-06-23,5477.36,120
1347,2024-06-23,4628.3,118
1348,2024-06-23,6001.65,116
1349,2024-06-23,7481.19,118
1350,2024-06-23,4792.99,114
1351,2024-06-23,6338.26,102
1352,2024-06-23,7147.09,116
1353,2024-06-23,7279.67,119
1354,2024-06-24,1377.17,114
1355,2024-06-24,8207.75,108
1356,2024-06-24,7914.54,120
1357,2024-06-24,247.13,107
1358,2024-06-25,4797.36,119
1359,2024-06-25,5959.01,113
1360,2024-06-25,3796.84,111
1361,2024-06-26,2430.97,119
1362,2024-06-26,5168.1,114
1363,2024-06-26,6842.75,113
1364,2024-06-26,4444.72,118
1365,2024-06-26,4456.09,118
1366,2024-06-26,3229.34,119
1367,2024-06-26,7722.99,105
1368,2024-06-26,4129.03,108
1369,2024-06-26,1081.45,106
1370,2024-06-27,5602.42,118
1371,2024-06-27,1613.49,102
1372,2024-06-27,7277.45,101
1373,2024-06-27,8346.58,116
1374,2024-06-27,2514.21,103
1375,2024-06-27,531.25,120
1376,2024-06-27,5601.9,113
1377,2024-06-27,704.67,120
1378,2024-06-28,4061.95,116
1379,2024-06-28,2715.86,117
1380,2024-06-28,4691.82,120
1381,2024-06-28,1690.45,120
1382,2024-06-28,5963.17,108
1383,2024-06-29,3306.52,113
1384,2024-06-29,1961.73,119
1385,2024-06-29,8287.76,103
1386,2024-06-29,8251.08,118
1387,2024-06-29,2190.4,109
1388,2024-06-29,8380.48,115
1389,2024-06-29,1739.31,109
1390,2024-06-29,836,118
1391,2024-06-30,7354.7,118
1392,2024-06-30,8700.29,115
1393,2024-06-30,6864.76,108
1394,2024-06-30,6197.03,115
1395,2024-06-30,4440.34,101
1396,2024-06-30,5775.22,113
1397,2024-06-30,7240.42,108
1398,2024-06-30,,112
1399,2024-07-01,2727.15,108
1400,2024-07-01,868.05,111
1401,2024-07-01,2961.08,116
1402,2024-07-01,2566.87,119
1403,2024-07-01,4590.19,107
1404,2024-07-01,7879.13,108
1405,2024-07-01,7546.48,107
1406,2024-07-02,7053.66,105
1407,2024-07-02,6146.15,103
1408,2024-07-02,257.29,120
1409,2024-07-02,7661.49,102
1410,2024-07-02,4531.6,111
1411,2024-07-02,7844.17,119
1412,2024-07-02,2665.35,117
1413,2024-07-02,1327.56,119
1414,2024-07-03,8467.96,116
1415,2024-07-03,3663.71,112
1416,2024-07-03,4222.33,106
1417,2024-07-03,4247.62,117
1418,2024-07-03,6131.11,101
1419,2024-07-03,3062.84,104
1420,2024-07-03,1845.94,109
1421,2024-07-03,4346.84,109
1422,2024-07-03,1817.44,112
1423,2024-07-04,3411.69,112
1424,2024-07-04,1782.03,115
1425,2024-07-04,6235.9,119
1426,2024-07-04,7274.97,109
1427,2024-07-04,1924.36,113
1428,2024-07-04,,105
1429,2024-07-04,4595.46,114
1430,2024-07-04,4898.05,117
1431,2024-07-04,2839.3,116
1432,2024-07-05,1069.98,113
1433,2024-07-05,7360.6,107
1434,2024-07-05,4157.72,104
1435,2024-07-06,5104.93,118
1436,2024-07-06,373.55,112
1437,2024-07-06,1949.83,120
1438,2024-07-06,1734.94,118
1439,2024-07-06,3059.79,112
1440,2024-07-06,8027.77,115
1441,2024-07-06,4280.02,110
1442,2024-07-06,5836.11,106
1443,2024-07-06,5754.21,114
1444,2024-07-06,895.18,103
1445,2024-07-06,2987.53,111
1446,2024-07-06,5526.39,109
1447,2024-07-07,4783.23,119
1448,2024-07-07,1817.2,106
1449,2024-07-07,6024.8,108
1450,2024-07-07,2052.03,103
1451,2024-07-07,760.37,104
1452,2024-07-07,672.66,118
1453,2024-07-07,6930.97,117
1454,2024-07-07,5638.3,109
1455,2024-07-07,2921.46,113
1456,2024-07-07,4098.81,110
1457,2024-07-07,7577.96,117
1458,2024-07-07,7770.25,112
1459,2024-07-07,4310.3,116
1460,2024-07-07,5026.2,109
1461,2024-07-08,5457.74,119
1462,2024-07-08,4026.8,119
1463,2024-07-08,2924.02,118
1464,2024-07-08,2197.73,118
1465,2024-07-08,3417.89,110
1466,2024-07-09,199.81,101
1467,2024-07-09,3225.19,105
1468,2024-07-09,6251.38,101
1469,2024-07-09,2835.57,116
1470,2024-07-09,5452.63,110
1471,2024-07-09,3487.07,118
1472,2024-07-09,4045.54,118
1473,2024-07-10,2140.21,113
1474,2024-07-10,4745.17,108
1475,2024-07-10,7305.66,120
1476,2024-07-10,5905.42,110
1477,2024-07-10,3832.55,109
1478,2024-07-10,1401.29,106
1479,2024-07-10,5635.02,115
1480,2024-07-10,4528.56,120
1481,2024-07-10,635.76,105
1482,2024-07-11,2681.61,104
1483,2024-07-11,6597.54,115
1484,2024-07-11,328.58,105
1485,2024-07-11,2940.87,114
1486,2024-07-11,4279.42,112
1487,2024-07-12,7622.21,103
1488,2024-07-12,2544.23,102
1489,2024-07-12,4336.29,118
1490,2024-07-12,7390.81,109
1491,2024-07-12,8775.47,104
1492,2024-07-12,6985.78,113
1493,2024-07-12,1951.78,102
1494,2024-07-12,4785.02,104
1495,2024-07-13,8437.69,110
1496,2024-07-13,6752.58,102
1497,2024-07-13,2428.15,104
1498,2024-07-13,3370.75,107
1499,2024-07-13,8763.81,107
1500,2024-07-13,3054.72,114
1501,2024-07-13,5344.33,109
1502,2024-07-13,277.58,108
1503,2024-07-13,6256.98,116
1504,2024-07-13,2387.76,103
1505,2024-07-13,3177.11,120
1506,2024-07-13,725.02,102
1507,2024-07-13,7163.9,118
1508,2024-07-13,2986.31,108
1509,2024-07-13,7287.62,112
1510,2024-07-14,3350.87,113
1511,2024-07-14,4469.66,102
1512,2024-07-14,4975.06,110
1513,2024-07-14,1841.32,119
1514,2024-07-14,2621.86,115
1515,2024-07-14,1610.02,118
1516,2024-07-14,2800.92,115
1517,2024-07-14,4194.9,112
1518,2024-07-15,7968.8,106
1519,2024-07-15,7027.95,112
1520,2024-07-15,5991.95,103
1521,2024-07-15,1869.85,113
1522,2024-07-15,1555.36,118
1523,2024-07-15,5838.95,114
1524,2024-07-15,5997.24,117
1525,2024-07-15,1771.02,105
1526,2024-07-15,4470.26,104
1527,2024-07-16,4826.23,116
1528,2024-07-16,630.95,109
1529,2024-07-16,314.16,103
1530,2024-07-16,8368.95,116
1531,2024-07-16,7247.98,115
1532,2024-07-16,6741.6,118
1533,2024-07-16,7188.4,112
1534,2024-07-16,2538.18,120
1535,2024-07-16,7542.22,103
1536,2024-07-17,1053.65,117
1537,2024-07-17,3589.91,118
1538,2024-07-17,5215.24,108
1539,2024-07-17,6791.91,118
1540,2024-07-17,6942.29,104
1541,2024-07-17,6381.44,115
1542,2024-07-18,7172.66,106
1543,2024-07-18,3169.11,117
1544,2024-07-18,4097.51,120
1545,2024-07-18,5039.72,111
1546,2024-07-19,6923.82,114
1547,2024-07-19,5553.04,111
1548,2024-07-19,3499.56,107
1549,2024-07-19,3367.08,109
1550,2024-07-19,200.72,113
1551,2024-07-19,5441.71,110
1552,2024-07-19,256.81,110
1553,2024-07-19,7729.34,107
1554,2024-07-20,531.08,104
1555,2024-07-20,2530.9,105
1556,2024-07-20,2249.35,108
1557,2024-07-20,5219.29,103
1558,2024-07-20,6660.54,107
1559,2024-07-20,1720.54,116
1560,2024-07-20,7410.73,119
1561,2024-07-20,527.87,110
1562,2024-07-20,889.6,113
1563,2024-07-20,3260.79,111
1564,2024-07-21,6778.57,108
1565,2024-07-21,5777.21,101
1566,2024-07-21,2881.09,102
1567,2024-07-21,5170.23,118
1568,2024-07-21,1547.14,108
1569,2024-07-21,8744.15,113
1570,2024-07-21,4640.62,119
1571,2024-07-21,7119.04,110
1572,2024-07-21,925.4,111
1573,2024-07-21,5022.74,102
1574,2024-07-21,4615.04,113
1575,2024-07-22,4431.12,105
1576,2024-07-22,5938.79,113
1577,2024-07-22,8973.29,120
1578,2024-07-22,829.47,108
1579,2024-07-22,6224.69,111
1580,2024-07-23,3926.16,114
1581,2024-07-23,3230.82,111
1582,2024-07-23,1688.45,110
1583,2024-07-23,5683,115
1584,2024-07-24,6230.16,107
1585,2024-07-24,1187.87,103
1586,2024-07-24,8354.22,120
1587,2024-07-24,319.85,110
1588,2024-07-24,2884.04,104
1589,2024-07-24,2038.28,111
1590,2024-07-25,4803.74,118
1591,2024-07-25,5681.77,116
1592,2024-07-25,3513.14,101
1593,2024-07-25,581.64,117
1594,2024-07-25,1965.13,110
1595,2024-07-25,666.15,109
1596,2024-07-26,3619.08,103
1597,2024-07-26,7804.68,112
1598,2024-07-26,2233.28,113
1599,2024-07-27,7826.6,116
1600,2024-07-27,1949.1,106
1601,2024-07-27,8350.88,118
1602,2024-07-27,8314.98,108
1603,2024-07-27,3660.92,116
1604,2024-07-27,6220.94,112
1605,2024-07-27,2277.6,110
1606,2024-07-27,2626.73,117
1607,2024-07-28,8507.4,101
1608,2024-07-28,1534.03,108
1609,2024-07-28,971.6,105
1610,2024-07-28,7878.77,120
1611,2024-07-28,2314.18,114
1612,2024-07-28,8204.67,110
1613,2024-07-28,1358.59,118
1614,2024-07-28,4962.91,119
1615,2024-07-28,2918.19,105
1616,2024-07-28,8203.15,117
1617,2024-07-28,5973.84,105
1618,2024-07-28,2992.97,106
1619,2024-07-29,2993.86,106
1620,2024-07-29,6934.83,101
1621,2024-07-29,8657.53,114
1622,2024-07-29,1536.22,109
1623,2024-07-30,429.54,106
1624,2024-07-30,2547.39,120
1625,2024-07-30,5446.97,108
1626,2024-07-30,3360.5,101
1627,2024-07-30,1378.96,116
1628,2024-07-31,1817.99,112
1629,2024-07-31,1409.11,116
1630,2024-07-31,3794.58,102
1631,2024-07-31,8560.74,109
1632,2024-07-31,6867.43,107
1633,2024-07-31,7829.74,115
1634,2024-07-31,7826.62,111
1635,2024-07-31,3761.83,114
1636,2024-07-31,6536.77,113
1637,2024-07-31,5424.49,119
1638,2024-08-01,1160.98,117
1639,2024-08-01,7923.46,102
1640,2024-08-01,3680.38,118
1641,2024-08-02,6932.41,117
1642,2024-08-02,2761.38,107
1643,2024-08-02,7007.36,110
1644,2024-08-02,3916.67,106
1645,2024-08-02,6270.59,102
1646,2024-08-02,7502.06,115
1647,2024-08-02,1194.91,117
1648,2024-08-02,1389.7,118
1649,2024-08-02,418.23,115
1650,2024-08-03,2399.72,103
1651,2024-08-03,6520.7,106
1652,2024-08-03,6413.8,104
1653,2024-08-03,4808.59,103
1654,2024-08-03,5585.24,117
1655,2024-08-03,3548.34,118
1656,2024-08-03,5175.33,111
1657,2024-08-03,1625.69,105
1658,2024-08-03,3891.32,102
1659,2024-08-03,2740.27,115
1660,2024-08-03,,105
1661,2024-08-04,4578.12,115
1662,2024-08-04,5549.26,101
1663,2024-08-04,5380.99,107
1664,2024-08-04,4087.5,114
1665,2024-08-04,2352.48,101
1666,2024-08-04,5730.99,120
1667,2024-08-04,629.49,107
1668,2024-08-04,522.15,112
1669,2024-08-04,7573.53,119
1670,2024-08-05,1157.21,102
1671,2024-08-05,6113.4,106
1672,2024-08-05,5235.09,120
1673,2024-08-05,6793.15,115
1674,2024-08-06,6961.91,103
1675,2024-08-06,7417.33,113
1676,2024-08-06,770.35,118
1677,2024-08-07,3096.04,109
1678,2024-08-07,6322.3,107
1679,2024-08-07,5227.03,104
1680,2024-08-07,8886.27,117
1681,2024-08-08,5556.83,114
1682,2024-08-08,5260.26,117
1683,2024-08-08,5604.75,105
1684,2024-08-08,4533.04,116
1685,2024-08-08,2246.95,120
1686,2024-08-08,212.91,107
1687,2024-08-08,6688.72,104
1688,2024-08-09,599.33,114
1689,2024-08-09,298.42,107
1690,2024-08-09,2437.87,110
1691,2024-08-09,4657.87,110
1692,2024-08-09,1200.76,101
1693,2024-08-09,6573.69,113
1694,2024-08-09,7520.98,101
1695,2024-08-09,8315.06,111
1696,2024-08-09,7214.84,116
1697,2024-08-10,8049.11,115
1698,2024-08-10,4268.74,111
1699,2024-08-10,7547.93,102
1700,2024-08-10,5084.56,111
1701,2024-08-10,6231.34,119
1702,2024-08-10,781.67,112
1703,2024-08-10,3183.54,101
1704,2024-08-10,7612.17,118
1705,2024-08-10,1847.93,113
1706,2024-08-10,6405.34,110
1707,2024-08-10,2588.18,102
1708,2024-08-10,3468.94,108
1709,2024-08-10,2101.03,110
1710,2024-08-11,7043.56,102
1711,2024-08-11,4651.75,115
1712,2024-08-11,1554.88,117
1713,2024-08-11,6644.48,116
1714,2024-08-11,1460,111
1715,2024-08-11,6154.11,117
1716,2024-08-11,4241.44,102
1717,2024-08-11,1218.36,117
1718,2024-08-12,7871.5,120
1719,2024-08-12,1106.3,102
1720,2024-08-12,396.83,110
1721,2024-08-13,1963.89,111
1722,2024-08-13,3007.52,118
1723,2024-08-13,2598.36,104
1724,2024-08-13,333.26,104
1725,2024-08-13,1099.9,117
1726,2024-08-13,3001.67,118
1727,2024-08-14,2353.46,119
1728,2024-08-14,8050.74,120
1729,2024-08-14,1343.65,102
1730,2024-08-14,1131.16,102
1731,2024-08-14,3647.87,114
1732,2024-08-14,5738.34,119
1733,2024-08-14,5622.57,115
1734,2024-08-15,890.2,118
1735,2024-08-15,5195.55,115
1736,2024-08-15,1054.91,115
1737,2024-08-15,4339.8,115
1738,2024-08-15,7776.65,105
1739,2024-08-15,3649.28,112
1740,2024-08-16,4187.89,111
1741,2024-08-16,1192.41,116
1742,2024-08-16,2682.86,106
1743,2024-08-16,1320.07,119
1744,2024-08-16,3066.65,104
1745,2024-08-16,4887.16,110
1746,2024-08-16,2298.46,114
1747,2024-08-16,8769.25,106
1748,2024-08-17,3993.11,119
1749,2024-08-17,7127.48,119
1750,2024-08-17,1722.15,108
1751,2024-08-17,7562.38,119
1752,2024-08-17,4272.59,120
1753,2024-08-17,1749.33,115
1754,2024-08-17,5463.68,103
1755,2024-08-17,6986.82,120
1756,2024-08-17,5874.9,116
1757,2024-08-17,7388.9,107
1758,2024-08-17,6861.28,101
1759,2024-08-18,5616.04,113
1760,2024-08-18,6196.35,107
1761,2024-08-18,7189.25,119
1762,2024-08-18,6515.56,114
1763,2024-08-18,5327,103
1764,2024-08-18,3755.94,117
1765,2024-08-18,748.21,110
1766,2024-08-18,206.42,102
1767,2024-08-18,1164.35,112
1768,2024-08-18,2269.12,101
1769,2024-08-18,5700.89,113
1770,2024-08-18,3556.77,113
1771,2024-08-18,4377.87,106
1772,2024-08-18,7620.28,113
1773,2024-08-19,2737.54,105
1774,2024-08-19,1380.64,105
1775,2024-08-19,1466.16,101
1776,2024-08-19,8778.78,114
1777,2024-08-19,5850.74,105
1778,2024-08-19,8062.53,115
1779,2024-08-19,5683.59,114
1780,2024-08-19,5057.04,114
1781,2024-08-19,2185.52,112
1782,2024-08-20,4582.78,119
1783,2024-08-20,2568.4,117
1784,2024-08-20,3428.34,119
1785,2024-08-21,1194.85,112
1786,2024-08-21,1449.37,103
1787,2024-08-21,4290.44,109
1788,2024-08-21,977.33,120
1789,2024-08-21,6218.85,103
1790,2024-08-21,2949,119
1791,2024-08-21,4907.29,111
1792,2024-08-21,4710.44,115
1793,2024-08-21,3903.94,111
1794,2024-08-21,2744.03,110
1795,2024-08-22,2490.9,119
1796,2024-08-22,1686.9,119
1797,2024-08-22,7317.28,110
1798,2024-08-22,4464.89,110
1799,2024-08-22,7691.72,103
1800,2024-08-22,5618.02,105
1801,2024-08-22,323.99,109
1802,2024-08-23,6701.91,119
1803,2024-08-23,7308,112
1804,2024-08-23,4466.28,108
1805,2024-08-23,3216.06,102
1806,2024-08-23,5439.79,105
1807,2024-08-24,2292.94,113
1808,2024-08-24,2054.54,106
1809,2024-08-24,677.07,112
1810,2024-08-24,661.2,104
1811,2024-08-24,2851.03,116
1812,2024-08-24,2255.22,118
1813,2024-08-24,4375.39,113
1814,2024-08-24,303.39,114
1815,2024-08-24,3560.64,115
1816,2024-08-24,6208.31,117
1817,2024-08-24,5808.33,118
1818,2024-08-24,5571.27,114
1819,2024-08-24,3146.71,109
1820,2024-08-24,2446.03,104
1821,2024-08-24,7002.73,115
1822,2024-08-25,2955.77,106
1823,2024-08-25,7517.87,101
1824,2024-08-25,4821.33,104
1825,2024-08-25,2129.86,112
1826,2024-08-25,498.57,107
1827,2024-08-25,8457.85,102
1828,2024-08-25,8563.3,107
1829,2024-08-25,959.2,104
1830,2024-08-25,5975.27,113
1831,2024-08-25,7267.16,119
1832,2024-08-26,2428.35,106
1833,2024-08-26,5820.27,103
1834,2024-08-26,6969.36,109
1835,2024-08-26,2463.56,111
1836,2024-08-27,3567.63,102
1837,2024-08-27,2471.5,102
1838,2024-08-27,4076.06,106
1839,2024-08-27,5569.66,107
1840,2024-08-27,1153.19,116
1841,2024-08-27,2120.8,114
1842,2024-08-27,6494.52,115
1843,2024-08-28,5226.83,103
1844,2024-08-28,364.13,115
1845,2024-08-28,8408.46,101
1846,2024-08-28,1533.15,109
1847,2024-08-29,231.59,119
1848,2024-08-29,4406.63,116
1849,2024-08-29,,103
1850,2024-08-29,1265.59,116
1851,2024-08-29,3133.27,112
1852,2024-08-29,5763,102
1853,2024-08-29,3414.13,103
1854,2024-08-29,907.02,111
1855,2024-08-29,5899.57,110
1856,2024-08-30,6013.46,113
1857,2024-08-30,8087.85,113
1858,2024-08-30,4480.23,112
1859,2024-08-31,513.14,105
1860,2024-08-31,2297.67,119
1861,2024-08-31,5860.99,118
1862,2024-08-31,8704.85,115
1863,2024-08-31,692.28,111
1864,2024-08-31,3767.47,102
1865,2024-08-31,4232.66,117
1866,2024-08-31,1509.79,118
1867,2024-08-31,523.52,103
1868,2024-08-31,4345.73,101
1869,2024-08-31,2334.61,102
1870,2024-08-31,1714.79,101
1871,2024-08-31,7421.51,110
1872,2024-09-01,1203.78,104
1873,2024-09-01,2140.04,120
1874,2024-09-01,3167.62,114
1875,2024-09-01,3052.27,113
1876,2024-09-01,5002.79,119
1877,2024-09-01,6924.21,107
1878,2024-09-01,755.35,111
1879,2024-09-02,6326.4,106
1880,2024-09-02,2343.07,115
1881,2024-09-02,1078.72,105
1882,2024-09-02,3508.95,120
1883,2024-09-02,,116
1884,2024-09-02,6418.32,103
1885,2024-09-02,3861.76,110
1886,2024-09-02,6291.75,116
1887,2024-09-02,4802.16,109
1888,2024-09-03,6285.73,120
1889,2024-09-03,5585.04,116
1890,2024-09-03,,110
1891,2024-09-03,1887.75,108
1892,2024-09-03,5645.5,104
1893,2024-09-04,6977.92,115
1894,2024-09-04,666.01,109
1895,2024-09-04,6229.15,105
1896,2024-09-04,4577.13,116
1897,2024-09-04,674.44,102
1898,2024-09-04,4024.11,107
1899,2024-09-05,1117.91,102
1900,2024-09-05,1746.81,118
1901,2024-09-05,4730.15,116
1902,2024-09-05,6547.35,108
1903,2024-09-05,3886.78,111
1904,2024-09-05,2223.56,111
1905,2024-09-05,1061.96,108
1906,2024-09-05,3503.69,107
1907,2024-09-05,5347.81,116
1908,2024-09-05,1474.48,114
1909,2024-09-06,3607.51,106
1910,2024-09-06,5760.79,107
1911,2024-09-06,3154.84,107
1912,2024-09-06,723.94,119
1913,2024-09-06,4234.49,115
1914,2024-09-06,2133.71,111
1915,2024-09-06,7147.01,106
1916,2024-09-06,8168.09,120
1917,2024-09-06,7723.04,118
1918,2024-09-06,4504.08,117
1919,2024-09-07,326.63,109
1920,2024-09-07,2379.92,108
1921,2024-09-07,8047.04,108
1922,2024-09-07,8240.04,105
1923,2024-09-07,8824.62,114
1924,2024-09-07,6653.59,116
1925,2024-09-07,4872.87,114
1926,2024-09-07,4180.48,104
1927,2024-09-07,6826.09,118
1928,2024-09-07,8558.42,114
1929,2024-09-07,2302.75,110
1930,2024-09-07,4421.09,101
1931,2024-09-07,7748.71,115
1932,2024-09-07,8791.5,101
1933,2024-09-07,7891.95,105
1934,2024-09-08,7770.37,101
1935,2024-09-08,4871.1,111
1936,2024-09-08,6341.88,109
1937,2024-09-08,7190.41,119
1938,2024-09-08,5659.01,103
1939,2024-09-08,4728.68,102
1940,2024-09-08,8013.21,112
1941,2024-09-08,4294.11,112
1942,2024-09-08,1741.35,112
1943,2024-09-08,5133.67,103
1944,2024-09-08,8834.01,105
1945,2024-09-08,5910.54,104
1946,2024-09-08,7864.96,119
1947,2024-09-09,3302.86,111
1948,2024-09-09,2637.88,114
1949,2024-09-09,4180.21,112
1950,2024-09-09,4336.44,104
1951,2024-09-09,8114.17,118
1952,2024-09-09,7238.15,112
1953,2024-09-10,8047.75,107
1954,2024-09-10,3637.01,103
1955,2024-09-10,1161.41,103
1956,2024-09-10,4566.69,105
1957,2024-09-11,3864.52,110
1958,2024-09-11,4369.36,105
1959,2024-09-11,2764.35,101
1960,2024-09-12,5872.11,117
1961,2024-09-12,5969.69,111
1962,2024-09-12,5420.54,116
1963,2024-09-12,4117.26,118
1964,2024-09-12,8103.88,105
1965,2024-09-12,2194.68,109
1966,2024-09-13,1504.38,102
1967,2024-09-13,5642.95,106
1968,2024-09-13,2709.17,118
1969,2024-09-13,1618.04,105
1970,2024-09-13,5254.82,111
1971,2024-09-13,1822.57,112
1972,2024-09-13,6055.87,102
1973,2024-09-14,4949.83,115
1974,2024-09-14,1268.11,110
1975,2024-09-14,6961.96,116
1976,2024-09-14,1572.27,111
1977,2024-09-14,8784.29,118
1978,2024-09-14,4369.41,110
1979,2024-09-14,6067.61,119
1980,2024-09-14,3179.42,115
1981,2024-09-14,8120.54,116
1982,2024-09-15,3733.34,101
1983,2024-09-15,3344.06,115
1984,2024-09-15,5842.55,120
1985,2024-09-15,7074.29,108
1986,2024-09-15,397.43,107
1987,2024-09-15,6157.16,115
1988,2024-09-15,3669.93,117
1989,2024-09-15,5523.68,120
1990,2024-09-16,1500.92,113
1991,2024-09-16,3596.79,112
1992,2024-09-16,3290.92,112
1993,2024-09-16,969.87,118
1994,2024-09-16,6724.44,115
1995,2024-09-16,2738.98,115
1996,2024-09-16,6610.73,114
1997,2024-09-16,5460.83,119
1998,2024-09-17,8896.77,116
1999,2024-09-17,780.82,111
2000,2024-09-17,977.34,113
2001,2024-09-17,3846.72,109
2002,2024-09-17,6845.14,119
2003,2024-09-17,7523.1,106
2004,2024-09-17,570.65,116
2005,2024-09-18,5120.67,116
2006,2024-09-18,7161.73,101
2007,2024-09-18,8612.03,110
2008,2024-09-18,1291.76,116
2009,2024-09-18,3869.98,110
2010,2024-09-18,449.29,108
2011,2024-09-18,8949.13,116
2012,2024-09-19,4427.28,119
2013,2024-09-19,5725.37,109
2014,2024-09-19,3483.18,104
2015,2024-09-19,7637.46,101
2016,2024-09-19,1485.01,102
2017,2024-09-19,3343.99,105
2018,2024-09-19,3890.72,112
2019,2024-09-19,627.69,112
2020,2024-09-20,1904.57,117
2021,2024-09-20,5468.11,104
2022,2024-09-20,7876.5,111
2023,2024-09-20,2587.84,110
2024,2024-09-21,5303.41,118
2025,2024-09-21,1404.16,101
2026,2024-09-21,3824.55,116
2027,2024-09-21,1100.28,106
2028,2024-09-21,7516.85,108
2029,2024-09-21,5597.17,118
2030,2024-09-21,7644.41,117
2031,2024-09-21,3871.65,104
2032,2024-09-21,7404.83,104
2033,2024-09-21,3263.25,116
2034,2024-09-22,4802.47,120
2035,2024-09-22,6446.07,106
2036,2024-09-22,2155.75,104
2037,2024-09-22,6253.81,105
2038,2024-09-22,1344.92,107
2039,2024-09-22,883.07,104
2040,2024-09-22,573.15,114
2041,2024-09-22,5418.95,117
2042,2024-09-22,579.88,109
2043,2024-09-22,6839.04,101
2044,2024-09-23,8129.34,119
2045,2024-09-23,456.48,112
2046,2024-09-23,8548.37,109
2047,2024-09-23,7724.22,106
2048,2024-09-23,2327.04,120
2049,2024-09-23,7411.36,104
2050,2024-09-24,8684.52,107
2051,2024-09-24,237.09,118
2052,2024-09-24,8299.2,107
2053,2024-09-24,3423.87,116
2054,2024-09-24,6126.03,115
2055,2024-09-24,8834.45,112
2056,2024-09-25,1192.04,114
2057,2024-09-25,4298.93,104
2058,2024-09-25,6907.01,116
2059,2024-09-25,6553.8,118
2060,2024-09-25,1217.36,116
2061,2024-09-25,6677.33,120
2062,2024-09-26,5073.46,108
2063,2024-09-26,1860.31,114
2064,2024-09-26,8462.92,116
2065,2024-09-26,8987.77,101
2066,2024-09-26,3687.05,104
2067,2024-09-26,1248.12,103
2068,2024-09-26,8801.62,119
2069,2024-09-26,768.45,106
2070,2024-09-26,1961.32,111
2071,2024-09-26,1279.31,113
2072,2024-09-27,6929.39,109
2073,2024-09-27,2601.16,119
2074,2024-09-27,3332.66,113
2075,2024-09-27,8889.2,113
2076,2024-09-27,6957.4,105
2077,2024-09-27,4505.2,109
2078,2024-09-27,460.57,105
2079,2024-09-27,4582.59,103
2080,2024-09-27,3566.17,106
2081,2024-09-27,2863.22,105
2082,2024-09-28,1976,115
2083,2024-09-28,4641.19,116
2084,2024-09-28,5009.26,118
2085,2024-09-28,8917.26,102
2086,2024-09-28,3574.94,104
2087,2024-09-28,4093.49,113
2088,2024-09-28,5097.67,106
2089,2024-09-28,7984.36,110
2090,2024-09-28,1382.5,114
2091,2024-09-29,6139.22,119
2092,2024-09-29,5234.45,118
2093,2024-09-29,4657.83,106
2094,2024-09-29,5400.2,116
2095,2024-09-29,6943.94,112
2096,2024-09-29,446.69,102
2097,2024-09-29,3269.12,112
2098,2024-09-29,6932.71,101
2099,2024-09-29,1055.68,113
2100,2024-09-29,3823.98,112
2101,2024-09-29,2378,108
2102,2024-09-29,946.49,119
2103,2024-09-30,3169.83,104
2104,2024-09-30,527.92,111
2105,2024-09-30,5197.83,114
2106,2024-09-30,378.54,109
2107,2024-09-30,8873.73,101
2108,2024-09-30,3036.31,113
2109,2024-09-30,1079.5,116
2110,2024-10-01,4623.36,116
2111,2024-10-01,1665.32,111
2112,2024-10-01,1974.48,114
2113,2024-10-01,7594.35,103
2114,2024-10-01,2532.36,110
2115,2024-10-01,3736.84,119
2116,2024-10-01,6514.82,103
2117,2024-10-01,3163.17,119
2118,2024-10-02,2044.7,114
2119,2024-10-02,4639.83,110
2120,2024-10-02,2956.51,118
2121,2024-10-02,5698.68,109
2122,2024-10-02,1788.29,118
2123,2024-10-02,7790.85,117
2124,2024-10-02,6014.09,107
2125,2024-10-02,2556.84,115
2126,2024-10-02,7703.42,120
2127,2024-10-02,6593.21,119
2128,2024-10-03,4268.88,112
2129,2024-10-03,7627.27,110
2130,2024-10-03,5777.56,103
2131,2024-10-03,7447.65,109
2132,2024-10-03,6243.32,109
2133,2024-10-03,1198.32,108
2134,2024-10-04,4283.61,110
2135,2024-10-04,3912.77,114
2136,2024-10-04,1601.35,107
2137,2024-10-04,7148.09,109
2138,2024-10-04,1747.67,118
2139,2024-10-04,7082.66,116
2140,2024-10-05,2821.22,120
2141,2024-10-05,8090.6,114
2142,2024-10-05,3691.68,103
2143,2024-10-05,2276.16,105
2144,2024-10-05,8408.83,117
2145,2024-10-05,8556.14,119
2146,2024-10-05,4567.77,109
2147,2024-10-05,1275.04,120
2148,2024-10-06,8431.4,108
2149,2024-10-06,1740.36,104
2150,2024-10-06,3792.7,115
2151,2024-10-06,4514.16,102
2152,2024-10-06,2984.11,104
2153,2024-10-06,8676.17,108
2154,2024-10-06,3393.38,105
2155,2024-10-06,384.45,110
2156,2024-10-06,505.32,120
2157,2024-10-06,6277.01,102
2158,2024-10-06,2425.25,108
2159,2024-10-06,8146.78,112
2160,2024-10-06,7828.19,118
2161,2024-10-07,8205.14,101
2162,2024-10-07,2846.82,109
2163,2024-10-07,2816.32,108
2164,2024-10-07,8258.84,106
2165,2024-10-07,7144.99,114
2166,2024-10-07,7443.14,103
2167,2024-10-07,6684.09,116
2168,2024-10-07,6512,111
2169,2024-10-07,7453.73,104
2170,2024-10-08,3902.66,112
2171,2024-10-08,6691.51,118
2172,2024-10-08,6904.38,101
2173,2024-10-08,5744.38,106
2174,2024-10-09,3724.82,101
2175,2024-10-09,5266.12,111
2176,2024-10-09,4743.02,108
2177,2024-10-09,7652.25,105
2178,2024-10-09,4172.11,111
2179,2024-10-10,1725.62,109
2180,2024-10-10,7234.85,111
2181,2024-10-10,3433.88,114
2182,2024-10-10,8512.86,113
2183,2024-10-10,381.46,108
2184,2024-10-11,8771.32,103
2185,2024-10-11,637.09,106
2186,2024-10-11,2488.39,120
2187,2024-10-11,1696.08,112
2188,2024-10-11,6522.53,101
2189,2024-10-11,7478.87,115
2190,2024-10-12,8524.26,107
2191,2024-10-12,2733.07,109
2192,2024-10-12,3994.52,105
2193,2024-10-12,8956.83,107
2194,2024-10-12,3880.31,107
2195,2024-10-12,452.2,105
2196,2024-10-12,5634.59,108
2197,2024-10-12,5328.55,112
2198,2024-10-12,289.82,103
2199,2024-10-13,6476.36,107
2200,2024-10-13,2453.79,120
2201,2024-10-13,657.59,102
2202,2024-10-13,8191.39,116
2203,2024-10-13,6443.18,120
2204,2024-10-13,2431.18,101
2205,2024-10-13,8801.21,110
2206,2024-10-13,8717.91,105
2207,2024-10-13,1777.48,119
2208,2024-10-13,8385.88,116
2209,2024-10-13,987.9,105
2210,2024-10-13,1446.8,114
2211,2024-10-13,8809.95,102
2212,2024-10-14,8349.89,112
2213,2024-10-14,5592.8,109
2214,2024-10-14,4748.36,109
2215,2024-10-14,2975.78,106
2216,2024-10-14,5088.94,105
2217,2024-10-14,667.36,115
2218,2024-10-14,1810.64,108
2219,2024-10-15,4039.58,115
2220,2024-10-15,557.97,116
2221,2024-10-15,4468.76,118
2222,2024-10-15,1287.16,105
2223,2024-10-15,1788.76,110
2224,2024-10-16,8038.87,119
2225,2024-10-16,,119
2226,2024-10-16,1788.01,119
2227,2024-10-16,6959.63,108
2228,2024-10-16,427.47,111
2229,2024-10-16,3667.69,104
2230,2024-10-16,7564.4,104
2231,2024-10-17,7509.15,115
2232,2024-10-17,5728.54,115
2233,2024-10-17,3097.96,101
2234,2024-10-17,8566.88,120
2235,2024-10-18,7795.85,107
2236,2024-10-18,3042.9,110
2237,2024-10-18,5013.97,103
2238,2024-10-18,3708.95,103
2239,2024-10-18,983.86,113
2240,2024-10-19,2706.44,113
2241,2024-10-19,1260.3,105
2242,2024-10-19,6674.83,114
2243,2024-10-19,1354.32,120
2244,2024-10-19,4710.35,112
2245,2024-10-19,4391.67,113
2246,2024-10-19,992.96,114
2247,2024-10-19,5601.04,112
2248,2024-10-19,1016.94,114
2249,2024-10-19,6151.67,115
2250,2024-10-20,5739.12,117
2251,2024-10-20,4319.33,110
2252,2024-10-20,2842.46,116
2253,2024-10-20,7604.53,110
2254,2024-10-20,5202.11,110
2255,2024-10-20,4717.05,102
2256,2024-10-20,1030.46,114
2257,2024-10-20,7351.86,119
2258,2024-10-20,918.57,119
2259,2024-10-20,6715.54,104
2260,2024-10-21,597.28,113
2261,2024-10-21,2961.73,110
2262,2024-10-21,5688.53,115
2263,2024-10-21,2056.4,106
2264,2024-10-21,2481,120
2265,2024-10-22,356.65,118
2266,2024-10-22,1710.27,101
2267,2024-10-22,7844.27,113
2268,2024-10-22,6587.02,120
2269,2024-10-22,3373.41,120
2270,2024-10-22,7279.84,113
2271,2024-10-22,321.11,105
2272,2024-10-22,6324.09,101
2273,2024-10-22,2040.22,101
2274,2024-10-23,7609.39,114
2275,2024-10-23,1879.05,118
2276,2024-10-23,1502.86,115
2277,2024-10-23,1660.73,104
2278,2024-10-23,8681.03,115
2279,2024-10-23,5348.99,115
2280,2024-10-24,3136.88,102
2281,2024-10-24,8818.49,114
2282,2024-10-24,5442.39,119
2283,2024-10-24,524.75,110
2284,2024-10-24,5400.15,117
2285,2024-10-24,2239.77,116
2286,2024-10-24,3912.64,101
2287,2024-10-24,2556.07,103
2288,2024-10-24,1228.08,116
2289,2024-10-25,6337.13,115
2290,2024-10-25,6589.64,110
2291,2024-10-25,2241.51,115
2292,2024-10-25,8310.27,111
2293,2024-10-25,1353.2,115
2294,2024-10-25,8645.27,113
2295,2024-10-25,7203.56,112
2296,2024-10-25,5671.21,106
2297,2024-10-26,1723.96,105
2298,2024-10-26,1086.95,116
2299,2024-10-26,2871.14,116
2300,2024-10-26,8992.5,102
2301,2024-10-26,3340.99,109
2302,2024-10-26,480.34,117
2303,2024-10-26,1201.93,114
2304,2024-10-26,2171.04,118
2305,2024-10-26,7106,111
2306,2024-10-27,5516.75,117
2307,2024-10-27,8353.36,102
2308,2024-10-27,8670.29,115
2309,2024-10-27,7077.54,104
2310,2024-10-27,7446.77,104
2311,2024-10-27,1669.01,104
2312,2024-10-27,8215.67,107
2313,2024-10-27,6430.84,110
2314,2024-10-27,6645.46,116
2315,2024-10-27,3143.55,112
2316,2024-10-28,8731.8,115
2317,2024-10-28,2357.78,101
2318,2024-10-28,2722.47,111
2319,2024-10-28,3476.44,109
2320,2024-10-28,5738.08,112
2321,2024-10-28,3910.16,117
2322,2024-10-29,8277.58,114
2323,2024-10-29,7191.54,117
2324,2024-10-29,4093.69,101
2325,2024-10-29,8503.06,117
2326,2024-10-29,3733.53,111
2327,2024-10-29,739.92,114
2328,2024-10-29,8141.1,105
2329,2024-10-29,8758.42,117
2330,2024-10-29,7886.21,118
2331,2024-10-30,268.54,112
2332,2024-10-30,5570.53,117
2333,2024-10-30,4125.46,113
2334,2024-10-30,5693.37,118
2335,2024-10-30,6336.74,115
2336,2024-10-30,7022.52,113
2337,2024-10-30,524.34,103
2338,2024-10-30,4779.13,105
2339,2024-10-31,4701.71,103
2340,2024-10-31,6861.01,111
2341,2024-10-31,8033.81,101
2342,2024-10-31,2322.79,109
2343,2024-10-31,8884.2,114
2344,2024-10-31,7604.93,102
2345,2024-11-01,6856.73,102
2346,2024-11-01,2821.06,115
2347,2024-11-01,3182.03,115
2348,2024-11-01,5176.26,119
2349,2024-11-01,7630.56,118
2350,2024-11-01,2702.91,110
2351,2024-11-01,6116.42,119
2352,2024-11-01,6689.11,117
2353,2024-11-01,5323.85,117
2354,2024-11-01,4196.92,112
2355,2024-11-01,7489.25,114
2356,2024-11-01,3938,102
2357,2024-11-02,6155.04,112
2358,2024-11-02,4765.72,118
2359,2024-11-02,5340.87,109
2360,2024-11-02,6262.36,115
2361,2024-11-02,7448.54,114
2362,2024-11-02,4464.93,105
2363,2024-11-02,7795.79,117
2364,2024-11-02,4206.8,107
2365,2024-11-02,8506.81,106
2366,2024-11-02,5493.08,104
2367,2024-11-02,3451.36,104
2368,2024-11-02,1548.08,117
2369,2024-11-02,2867.69,112
2370,2024-11-02,1449.83,105
2371,2024-11-02,8443.02,102
2372,2024-11-03,217.35,116
2373,2024-11-03,7858.75,103
2374,2024-11-03,2924.38,119
2375,2024-11-03,7074.87,111
2376,2024-11-03,1367.72,120
2377,2024-11-03,6901.77,115
2378,2024-11-03,7822.84,105
2379,2024-11-03,6046.62,120
2380,2024-11-03,8121.15,108
2381,2024-11-03,8630.1,102
2382,2024-11-03,5883.07,109
2383,2024-11-03,5232.55,101
2384,2024-11-03,5136.19,110
2385,2024-11-03,948.34,118
2386,2024-11-03,5275.33,118
2387,2024-11-04,8091.41,117
2388,2024-11-04,1780.74,118
2389,2024-11-04,2357.52,107
2390,2024-11-04,4108.22,119
2391,2024-11-04,3018.79,120
2392,2024-11-04,7784.37,116
2393,2024-11-04,1787.47,114
2394,2024-11-04,2991.97,117
2395,2024-11-04,8821.12,104
2396,2024-11-04,1466.5,110
2397,2024-11-04,1556.2,103
2398,2024-11-04,717.44,106
2399,2024-11-04,438.11,106
2400,2024-11-05,1452.65,111
2401,2024-11-05,3503.52,109
2402,2024-11-05,655.53,104
2403,2024-11-05,5356.06,120
2404,2024-11-05,3587.43,117
2405,2024-11-05,3000.36,102
2406,2024-11-05,4459.71,103
2407,2024-11-05,8239.87,108
2408,2024-11-05,8677.58,118
2409,2024-11-05,6913.21,108
2410,2024-11-05,2879.59,105
2411,2024-11-05,7646.25,103
2412,2024-11-05,3484.09,105
2413,2024-11-06,8658.9,114
2414,2024-11-06,207.81,102
2415,2024-11-06,2744.4,120
2416,2024-11-06,728.54,101
2417,2024-11-06,5460.24,109
2418,2024-11-06,8992.33,113
2419,2024-11-06,5348.4,107
2420,2024-11-06,1619.46,102
2421,2024-11-06,2844.62,103
2422,2024-11-06,7507.38,104
2423,2024-11-06,7927.86,109
2424,2024-11-06,8624.27,117
2425,2024-11-06,5788.49,111
2426,2024-11-06,2601.52,115
2427,2024-11-07,4245.23,107
2428,2024-11-07,8242.36,101
2429,2024-11-07,,101
2430,2024-11-07,6118.82,101
2431,2024-11-07,6908.69,116
2432,2024-11-07,4939.11,103
2433,2024-11-07,6114.76,115
2434,2024-11-07,7480.71,113
2435,2024-11-07,7583.48,106
2436,2024-11-07,1296.92,101
2437,2024-11-07,4111.28,107
2438,2024-11-07,6873.1,101
2439,2024-11-07,1884.3,112
2440,2024-11-07,7313.05,110
2441,2024-11-08,2669.66,102
2442,2024-11-08,2038.96,120
2443,2024-11-08,1175.33,113
2444,2024-11-08,4546.3,117
2445,2024-11-08,6114.14,119
2446,2024-11-08,774.17,106
2447,2024-11-08,1320.39,103
2448,2024-11-08,7951.83,108
2449,2024-11-08,1887.29,109
2450,2024-11-08,5606.22,118
2451,2024-11-08,216.2,115
2452,2024-11-08,7712.97,102
2453,2024-11-08,2610.51,114
2454,2024-11-08,4560.06,115
2455,2024-11-08,7976.46,102
2456,2024-11-08,8280.85,109
2457,2024-11-09,3144.41,107
2458,2024-11-09,8913.33,101
2459,2024-11-09,8627.43,114
2460,2024-11-09,1646.44,107
2461,2024-11-09,444.28,104
2462,2024-11-09,5413.27,101
2463,2024-11-09,7595.47,111
2464,2024-11-09,2296.56,116
2465,2024-11-09,7429.38,102
2466,2024-11-09,8502.22,108
2467,2024-11-09,4058.06,120
2468,2024-11-09,5293.62,115
2469,2024-11-09,8266.09,102
2470,2024-11-09,7086.29,103
2471,2024-11-09,681.14,115
2472,2024-11-09,777.95,114
2473,2024-11-09,658.39,118
2474,2024-11-10,2250.39,114
2475,2024-11-10,292.34,120
2476,2024-11-10,7942.46,114
2477,2024-11-10,5927.11,111
2478,2024-11-10,4194.88,101
2479,2024-11-10,1149.46,107
2480,2024-11-10,5416.4,103
2481,2024-11-10,1307.64,119
2482,2024-11-10,3903.86,112
2483,2024-11-10,1835.13,115
2484,2024-11-10,731.32,102
2485,2024-11-10,4714.51,114
2486,2024-11-10,2937.46,112
2487,2024-11-10,1496.2,105
2488,2024-11-10,2760.36,111
2489,2024-11-10,5359.67,117
2490,2024-11-10,2288.01,102
2491,2024-11-10,7755.58,118
2492,2024-11-10,8792.29,107
2493,2024-11-11,1865.33,111
2494,2024-11-11,5476.91,115
2495,2024-11-11,5180.65,119
2496,2024-11-11,3883.52,110
2497,2024-11-11,7908.73,115
2498,2024-11-11,,116
2499,2024-11-11,6299.34,108
2500,2024-11-11,2302.37,107
2501,2024-11-11,7302.99,111
2502,2024-11-11,1820.35,113
2503,2024-11-12,3348.4,103
2504,2024-11-12,2756.07,105
2505,2024-11-12,8230.84,119
2506,2024-11-12,1951.28,101
2507,2024-11-12,7990.36,108
2508,2024-11-12,7657.3,111
2509,2024-11-12,388.13,107
2510,2024-11-12,383.75,104
2511,2024-11-12,5961.85,113
2512,2024-11-12,8436.8,111
2513,2024-11-12,3451.84,108
2514,2024-11-12,8481.22,106
2515,2024-11-13,1470,104
2516,2024-11-13,1885.8,107
2517,2024-11-13,2996.97,112
2518,2024-11-13,8303.92,108
2519,2024-11-13,1863.1,119
2520,2024-11-13,3082.59,105
2521,2024-11-13,7880.09,109
2522,2024-11-13,7994.34,119
2523,2024-11-13,7104.05,103
2524,2024-11-13,769.88,120
2525,2024-11-13,3492.54,117
2526,2024-11-13,3031.04,106
2527,2024-11-13,6496.72,116
2528,2024-11-14,5814.33,113
2529,2024-11-14,2022.36,102
2530,2024-11-14,7794.88,115
2531,2024-11-14,3939.2,110
2532,2024-11-14,8431.39,106
2533,2024-11-14,944.88,118
2534,2024-11-14,4110.65,110
2535,2024-11-14,561.06,119
2536,2024-11-14,3948.7,111
2537,2024-11-14,3433.11,114
2538,2024-11-14,3563.86,109
2539,2024-11-14,2536.5,108
2540,2024-11-14,2790.76,103
2541,2024-11-14,5863.16,118
2542,2024-11-14,1065,108
2543,2024-11-15,3136.07,107
2544,2024-11-15,2862.9,109
2545,2024-11-15,1876.65,109
2546,2024-11-15,8984.96,105
2547,2024-11-15,,118
2548,2024-11-15,2679.24,110
2549,2024-11-15,8522.17,113
2550,2024-11-15,4352.64,101
2551,2024-11-15,7815.1,105
2552,2024-11-15,4374.06,107
2553,2024-11-15,6866.07,118
2554,2024-11-16,7642.05,111
2555,2024-11-16,2043.35,114
2556,2024-11-16,463.92,118
2557,2024-11-16,2888.03,105
2558,2024-11-16,7330.53,116
2559,2024-11-16,2183.32,111
2560,2024-11-16,6912.01,113
2561,2024-11-16,3068.5,110
2562,2024-11-16,8313.87,102
2563,2024-11-16,5199.08,111
2564,2024-11-16,5249.13,120
2565,2024-11-16,1996,113
2566,2024-11-16,3599.62,118
2567,2024-11-16,5210.73,111
2568,2024-11-16,1019.53,110
2569,2024-11-16,1762.2,118
2570,2024-11-16,4498.8,120
2571,2024-11-16,8218.84,103
2572,2024-11-17,814.82,117
2573,2024-11-17,296.21,117
2574,2024-11-17,3640.73,114
2575,2024-11-17,4919.79,105
2576,2024-11-17,3622.14,103
2577,2024-11-17,1342.4,107
2578,2024-11-17,7396.49,114
2579,2024-11-17,5511.64,106
2580,2024-11-17,1985.16,119
2581,2024-11-17,,115
2582,2024-11-17,4121.44,105
2583,2024-11-17,7305.58,120
2584,2024-11-17,7936.31,119
2585,2024-11-17,542.95,119
2586,2024-11-17,3250.68,115
2587,2024-11-18,7445.18,120
2588,2024-11-18,2391.39,114
2589,2024-11-18,4227.89,114
2590,2024-11-18,6345.99,106
2591,2024-11-18,2308.32,102
2592,2024-11-18,7965.49,109
2593,2024-11-18,6341.79,103
2594,2024-11-18,8195.88,107
2595,2024-11-18,1265.83,118
2596,2024-11-18,4637.67,104
2597,2024-11-18,4167.24,114
2598,2024-11-18,591.79,117
2599,2024-11-18,3553.17,115
2600,2024-11-18,3689.73,107
2601,2024-11-19,6097.6,111
2602,2024-11-19,799.49,115
2603,2024-11-19,6478.52,108
2604,2024-11-19,7418.75,116
2605,2024-11-19,7577.76,106
2606,2024-11-19,2787.47,106
2607,2024-11-19,1681.39,113
2608,2024-11-19,6159.97,101
2609,2024-11-19,1764.87,112
2610,2024-11-20,7560.21,102
2611,2024-11-20,3636.44,104
2612,2024-11-20,5463.21,102
2613,2024-11-20,6949.61,113
2614,2024-11-20,8196.06,112
2615,2024-11-20,3909.81,101
2616,2024-11-20,7419.63,111
2617,2024-11-20,2140,103
2618,2024-11-20,6570.3,106
2619,2024-11-20,1146.62,117
2620,2024-11-20,5714.72,118
2621,2024-11-20,3675.56,118
2622,2024-11-20,2080.26,108
2623,2024-11-21,5954.14,113
2624,2024-11-21,4236.23,107
2625,2024-11-21,5918.52,109
2626,2024-11-21,7991.05,103
2627,2024-11-21,4595.27,120
2628,2024-11-21,7162.09,118
2629,2024-11-21,1707.84,119
2630,2024-11-21,3053.32,120
2631,2024-11-21,6164.52,113
2632,2024-11-22,5790.11,106
2633,2024-11-22,8805.59,111
2634,2024-11-22,3147.93,103
2635,2024-11-22,4149.42,119
2636,2024-11-22,4629.1,108
2637,2024-11-22,2245.93,101
2638,2024-11-22,2916.87,104
2639,2024-11-22,5652.94,108
2640,2024-11-22,4587.79,112
2641,2024-11-22,1997.59,113
2642,2024-11-22,8898.25,120
2643,2024-11-23,5862.7,111
2644,2024-11-23,7166.66,117
2645,2024-11-23,6803.85,110
2646,2024-11-23,3215.01,111
2647,2024-11-23,8177.36,102
2648,2024-11-23,7251.78,108
2649,2024-11-23,5549.96,108
2650,2024-11-23,1814.2,111
2651,2024-11-23,7853.83,103
2652,2024-11-23,657.54,107
2653,2024-11-23,1303.94,107
2654,2024-11-23,7513.74,118
2655,2024-11-23,4664.34,108
2656,2024-11-23,2939.87,115
2657,2024-11-23,3930.35,108
2658,2024-11-23,2710.11,110
2659,2024-11-23,2591.37,107
2660,2024-11-24,1675.34,113
2661,2024-11-24,5561.67,117
2662,2024-11-24,7411.51,105
2663,2024-11-24,6903.98,101
2664,2024-11-24,6876.95,103
2665,2024-11-24,4926.34,120
2666,2024-11-24,2463.17,106
2667,2024-11-24,2691.39,115
2668,2024-11-24,832.07,116
2669,2024-11-24,1921.3,116
2670,2024-11-24,311.94,101
2671,2024-11-24,4523.79,112
2672,2024-11-24,8739.34,113
2673,2024-11-24,2907.74,116
2674,2024-11-24,3796.33,103
2675,2024-11-25,1627.79,119
2676,2024-11-25,6986.18,109
2677,2024-11-25,4683.55,112
2678,2024-11-25,6327.81,112
2679,2024-11-25,6672.85,114
2680,2024-11-25,8307.92,102
2681,2024-11-25,6336.75,101
2682,2024-11-25,5526.83,109
2683,2024-11-25,2436.73,105
2684,2024-11-25,307.57,106
2685,2024-11-25,3698.47,113
2686,2024-11-26,7907.85,107
2687,2024-11-26,2424.27,114
2688,2024-11-26,5993.68,118
2689,2024-11-26,6657.61,110
2690,2024-11-26,1160.61,103
2691,2024-11-26,7364.21,112
2692,2024-11-26,8383.15,107
2693,2024-11-26,255.5,110
2694,2024-11-26,212.89,116
2695,2024-11-26,4818.67,114
2696,2024-11-26,1700.58,114
2697,2024-11-26,1941.58,105
2698,2024-11-27,7365.46,119
2699,2024-11-27,6798.26,102
2700,2024-11-27,2481.3,107
2701,2024-11-27,4077.43,114
2702,2024-11-27,7840.59,104
2703,2024-11-27,953.22,110
2704,2024-11-27,3209.94,103
2705,2024-11-27,4468.71,116
2706,2024-11-27,736.3,101
2707,2024-11-27,6053.84,101
2708,2024-11-27,1051.21,102
2709,2024-11-28,4775.65,120
2710,2024-11-28,8401.73,109
2711,2024-11-28,5517.47,111
2712,2024-11-28,8994.12,111
2713,2024-11-28,6051.69,112
2714,2024-11-28,8781.68,102
2715,2024-11-28,226.15,104
2716,2024-11-28,6580.94,113
2717,2024-11-28,424.99,105
2718,2024-11-28,2658.31,117
2719,2024-11-29,5640.49,115
2720,2024-11-29,4730.24,116
2721,2024-11-29,8877.4,101
2722,2024-11-29,345.35,111
2723,2024-11-29,8731.46,102
2724,2024-11-29,2254.32,115
2725,2024-11-29,7185.85,120
2726,2024-11-29,8883.47,116
2727,2024-11-29,6660.64,104
2728,2024-11-29,6464.09,107
2729,2024-11-29,7105.79,119
2730,2024-11-29,1324.18,102
2731,2024-11-30,8603.45,115
2732,2024-11-30,2318.93,118
2733,2024-11-30,1127.13,103
2734,2024-11-30,1609.07,101
2735,2024-11-30,6942.52,113
2736,2024-11-30,6059.21,109
2737,2024-11-30,6055.19,104
2738,2024-11-30,994.89,116
2739,2024-11-30,8398.66,108
2740,2024-11-30,768.07,120
2741,2024-11-30,5953.49,113
2742,2024-11-30,7313.34,114
2743,2024-11-30,2759.59,104
2744,2024-11-30,6716.11,111
2745,2024-11-30,5239.98,104
2746,2024-11-30,8594.8,111
2747,2024-11-30,2934.03,101
2748,2024-12-01,6986.27,111
2749,2024-12-01,4772.81,105
2750,2024-12-01,,108
2751,2024-12-01,2979.15,115
2752,2024-12-01,7566.51,110
2753,2024-12-01,1496.34,115
2754,2024-12-01,5469.15,102
2755,2024-12-01,2605.38,104
2756,2024-12-01,4407.89,119
2757,2024-12-01,2764.16,116
2758,2024-12-01,8833.06,102
2759,2024-12-01,7662.02,107
2760,2024-12-01,6362.59,108
2761,2024-12-01,7738.65,106
2762,2024-12-01,8861.63,110
2763,2024-12-01,8920.36,106
2764,2024-12-01,3916.45,111
2765,2024-12-01,6866.88,112
2766,2024-12-02,6368.76,107
2767,2024-12-02,1350.93,104
2768,2024-12-02,7818.53,119
2769,2024-12-02,4225.29,110
2770,2024-12-02,4087.58,105
2771,2024-12-02,2044.94,105
2772,2024-12-02,,107
2773,2024-12-02,1096.14,119
2774,2024-12-02,3512.69,105
2775,2024-12-02,8347.67,106
2776,2024-12-02,1779.77,116
2777,2024-12-02,5919.86,117
2778,2024-12-02,5716.36,105
2779,2024-12-03,3689.47,108
2780,2024-12-03,8599.09,120
2781,2024-12-03,7026.48,113
2782,2024-12-03,7043.03,103
2783,2024-12-03,2620.9,113
2784,2024-12-03,301.1,112
2785,2024-12-03,4504.12,104
2786,2024-12-04,5241.24,119
2787,2024-12-04,6303.79,109
2788,2024-12-04,1792.65,119
2789,2024-12-04,2824.6,114
2790,2024-12-04,757.79,111
2791,2024-12-04,1826.03,118
2792,2024-12-04,3664.41,101
2793,2024-12-04,4498.36,117
2794,2024-12-04,4942.04,119
2795,2024-12-04,6829.87,104
2796,2024-12-05,,120
2797,2024-12-05,7243.51,115
2798,2024-12-05,5259.71,105
2799,2024-12-05,5148.97,103
2800,2024-12-05,943.57,102
2801,2024-12-05,3398.32,110
2802,2024-12-05,8797.51,114
2803,2024-12-05,2844.28,108
2804,2024-12-05,8159.65,117
2805,2024-12-06,4514.9,119
2806,2024-12-06,5533.31,112
2807,2024-12-06,6030.03,104
2808,2024-12-06,1854.05,102
2809,2024-12-06,8624.32,107
2810,2024-12-06,5406.69,107
2811,2024-12-06,3912.73,120
2812,2024-12-06,3558.68,109
2813,2024-12-06,4212.4,113
2814,2024-12-06,8472.75,114
2815,2024-12-06,819.91,107
2816,2024-12-06,6486.12,107
2817,2024-12-06,5522.51,117
2818,2024-12-06,2982.97,105
2819,2024-12-06,427.01,113
2820,2024-12-07,1166.91,118
2821,2024-12-07,3097.35,103
2822,2024-12-07,7046.02,111
2823,2024-12-07,2607.09,108
2824,2024-12-07,3530.96,108
2825,2024-12-07,1745.44,104
2826,2024-12-07,5380.68,110
2827,2024-12-07,4853.85,104
2828,2024-12-07,5052.57,110
2829,2024-12-07,1701.58,102
2830,2024-12-07,1788.92,113
2831,2024-12-07,5053.71,118
2832,2024-12-08,2478.74,105
2833,2024-12-08,5985.55,105
2834,2024-12-08,6670.72,119
2835,2024-12-08,6425.02,112
2836,2024-12-08,3879.54,120
2837,2024-12-08,8877.97,115
2838,2024-12-08,2723.01,117
2839,2024-12-08,8485.76,117
2840,2024-12-08,2884.65,108
2841,2024-12-08,3776.33,110
2842,2024-12-08,5784.15,103
2843,2024-12-08,8513.83,108
2844,2024-12-08,943.35,102
2845,2024-12-08,7312.45,116
2846,2024-12-08,6156.89,114
2847,2024-12-08,4419.97,105
2848,2024-12-08,6340.36,118
2849,2024-12-08,1872.62,120
2850,2024-12-08,6483.61,101
2851,2024-12-08,2348.19,112
2852,2024-12-08,6218.89,117
2853,2024-12-08,8687.9,115
2854,2024-12-09,3429.05,103
2855,2024-12-09,8580.86,112
2856,2024-12-09,1699.26,113
2857,2024-12-09,8242.6,111
2858,2024-12-09,7685.84,118
2859,2024-12-09,2831.77,110
2860,2024-12-09,218.66,107
2861,2024-12-09,2112.68,113
2862,2024-12-09,7465.4,117
2863,2024-12-09,8052.95,115
2864,2024-12-09,3329.55,102
2865,2024-12-10,1142.04,112
2866,2024-12-10,,106
2867,2024-12-10,4529.01,114
2868,2024-12-10,8105.89,117
2869,2024-12-10,259.81,116
2870,2024-12-10,2188.64,109
2871,2024-12-10,3406.56,110
2872,2024-12-10,7340.59,118
2873,2024-12-10,5974.26,115
2874,2024-12-10,3311.89,105
2875,2024-12-10,7974.47,112
2876,2024-12-10,1867.19,104
2877,2024-12-10,3904.29,113
2878,2024-12-10,1609.75,102
2879,2024-12-11,3904.64,104
2880,2024-12-11,3058.01,105
2881,2024-12-11,4615.36,113
2882,2024-12-11,1355.48,113
2883,2024-12-11,1308.89,101
2884,2024-12-11,6951.99,101
2885,2024-12-11,3980.05,111
2886,2024-12-11,4021.09,101
2887,2024-12-11,926.01,116
2888,2024-12-11,1540.96,120
2889,2024-12-11,2673.02,108
2890,2024-12-11,8948.46,109
2891,2024-12-11,1945.03,114
2892,2024-12-11,6369.08,104
2893,2024-12-11,1859.29,106
2894,2024-12-11,2217.58,105
2895,2024-12-12,8375.07,107
2896,2024-12-12,1955.86,120
2897,2024-12-12,3783.22,113
2898,2024-12-12,2150.62,108
2899,2024-12-12,4685.8,102
2900,2024-12-12,1167.48,110
2901,2024-12-12,6460.95,112
2902,2024-12-12,,102
2903,2024-12-12,2064.4,111
2904,2024-12-13,2418.91,106
2905,2024-12-13,2877.34,111
2906,2024-12-13,6209.06,101
2907,2024-12-13,3113.66,105
2908,2024-12-13,6736.8,112
2909,2024-12-13,3469.01,120
2910,2024-12-13,5341.08,107
2911,2024-12-13,1347.27,104
2912,2024-12-13,560.14,104
2913,2024-12-13,1896.76,107
2914,2024-12-13,857.94,104
2915,2024-12-14,4894.31,107
2916,2024-12-14,1886.02,105
2917,2024-12-14,8044.96,109
2918,2024-12-14,8780.11,118
2919,2024-12-14,5741.81,115
2920,2024-12-14,794.83,114
2921,2024-12-14,7158.79,117
2922,2024-12-14,6330.01,109
2923,2024-12-14,8610.07,102
2924,2024-12-14,6717.29,107
2925,2024-12-14,7857.25,118
2926,2024-12-14,4051.16,106
2927,2024-12-14,7057.48,118
2928,2024-12-14,,109
2929,2024-12-14,2115.71,119
2930,2024-12-14,4206.88,117
2931,2024-12-14,2476.74,117
2932,2024-12-14,6431.64,110
2933,2024-12-14,2169.58,106
2934,2024-12-15,8358.78,109
2935,2024-12-15,5852.24,102
2936,2024-12-15,,107
2937,2024-12-15,5766.61,112
2938,2024-12-15,931.57,111
2939,2024-12-15,2522.54,118
2940,2024-12-15,2794.08,120
2941,2024-12-15,7449.6,101
2942,2024-12-15,1754.27,109
2943,2024-12-15,5983.39,118
2944,2024-12-15,1135.7,119
2945,2024-12-15,8520.78,113
2946,2024-12-15,5046.72,120
2947,2024-12-15,3052.51,108
2948,2024-12-16,2238.16,115
2949,2024-12-16,1504.34,112
2950,2024-12-16,1796.32,116
2951,2024-12-16,1860.97,106
2952,2024-12-16,5897.57,106
2953,2024-12-16,7989.23,106
2954,2024-12-16,1852.06,120
2955,2024-12-16,2357.23,114
2956,2024-12-16,1081.06,113
2957,2024-12-16,5507.98,101
2958,2024-12-16,1167.31,101
2959,2024-12-16,1362.18,102
2960,2024-12-16,1454.19,109
2961,2024-12-16,,101
2962,2024-12-17,7702.94,111
2963,2024-12-17,4426.74,105
2964,2024-12-17,7375.09,115
2965,2024-12-17,1558.72,116
2966,2024-12-17,5720.88,109
2967,2024-12-17,1103.77,102
2968,2024-12-17,7999.82,117
2969,2024-12-17,8226.07,101
2970,2024-12-17,3590.37,114
2971,2024-12-17,2186.78,110
2972,2024-12-17,6242.54,113
2973,2024-12-17,4527.02,104
2974,2024-12-18,3343.31,110
2975,2024-12-18,3371.34,104
2976,2024-12-18,8080.16,103
2977,2024-12-18,3970.93,106
2978,2024-12-18,6178.01,106
2979,2024-12-18,5696.87,110
2980,2024-12-18,2584.62,104
2981,2024-12-18,8408.36,112
2982,2024-12-18,7140.93,103
2983,2024-12-18,7043.5,105
2984,2024-12-19,6546.82,115
2985,2024-12-19,7367.92,116
2986,2024-12-19,8643.35,114
2987,2024-12-19,3041.87,103
2988,2024-12-19,3301.96,113
2989,2024-12-19,6301.1,116
2990,2024-12-19,1415.35,111
2991,2024-12-19,3571.03,108
2992,2024-12-19,4896.18,118
2993,2024-12-19,3583.72,108
2994,2024-12-19,4836.12,114
2995,2024-12-19,6386.22,108
2996,2024-12-20,3388.11,101
2997,2024-12-20,8302.96,105
2998,2024-12-20,3374.56,112
2999,2024-12-20,2792.34,105
3000,2024-12-20,8751.01,118
3001,2024-12-20,2053.49,108
3002,2024-12-20,1230.68,105
3003,2024-12-20,3520.65,105
3004,2024-12-21,6031.18,104
3005,2024-12-21,7859.2,120
3006,2024-12-21,1442.24,112
3007,2024-12-21,5207.81,101
3008,2024-12-21,6934.68,105
3009,2024-12-21,6782.34,105
3010,2024-12-21,4336.62,110
3011,2024-12-21,7075.29,115
3012,2024-12-21,1178.15,110
3013,2024-12-21,5515.73,102
3014,2024-12-21,294.63,106
3015,2024-12-21,5075.57,115
3016,2024-12-21,4615.48,119
3017,2024-12-21,8395.76,114
3018,2024-12-21,4788.21,103
3019,2024-12-21,6738.59,105
3020,2024-12-21,2125.38,102
3021,2024-12-22,5942.76,111
3022,2024-12-22,1649.45,113
3023,2024-12-22,1912.63,114
3024,2024-12-22,3390.77,103
3025,2024-12-22,445.83,111
3026,2024-12-22,1135.89,118
3027,2024-12-22,6856.39,101
3028,2024-12-22,1974.19,118
3029,2024-12-22,2567.68,108
3030,2024-12-22,593.9,119
3031,2024-12-22,600.99,116
3032,2024-12-22,273.61,110
3033,2024-12-22,8635.9,110
3034,2024-12-22,6815.21,111
3035,2024-12-22,6382.38,105
3036,2024-12-22,8088.3,114
3037,2024-12-23,7204.41,119
3038,2024-12-23,2752.05,102
3039,2024-12-23,892.03,115
3040,2024-12-23,7981.74,108
3041,2024-12-23,6964.67,105
3042,2024-12-23,4742.45,117
3043,2024-12-23,8385,117
3044,2024-12-23,3182.38,105
3045,2024-12-23,551.11,114
3046,2024-12-24,8972.68,107
3047,2024-12-24,5187.73,105
3048,2024-12-24,7280.59,104
3049,2024-12-24,5013.8,110
3050,2024-12-24,4589.43,103
3051,2024-12-24,8418.69,106
3052,2024-12-24,5272.3,109
3053,2024-12-24,1775.84,103
3054,2024-12-24,8877.06,109
3055,2024-12-24,5921.57,115
3056,2024-12-24,8749.79,104
3057,2024-12-24,7758.23,112
3058,2024-12-24,8269.83,120
3059,2024-12-24,4708.82,112
3060,2024-12-25,6202.37,103
3061,2024-12-25,7920.2,109
3062,2024-12-25,5660.4,102
3063,2024-12-25,6356.76,108
3064,2024-12-25,7705.93,105
3065,2024-12-25,5216.18,106
3066,2024-12-25,3615.36,108
3067,2024-12-25,3269.65,103
3068,2024-12-25,8120.11,118
3069,2024-12-25,1785.41,103
3070,2024-12-25,6959.31,113
3071,2024-12-25,766.35,111
3072,2024-12-25,4478.4,120
3073,2024-12-25,1205.07,116
3074,2024-12-26,5832.9,105
3075,2024-12-26,8891.73,102
3076,2024-12-26,8439.85,102
3077,2024-12-26,8810.34,114
3078,2024-12-26,7837.58,107
3079,2024-12-26,2573.66,114
3080,2024-12-26,1446.29,103
3081,2024-12-26,2824.36,103
3082,2024-12-26,4817.05,114
3083,2024-12-26,1818.89,109
3084,2024-12-26,3208.77,114
3085,2024-12-26,1946.73,106
3086,2024-12-27,6260.71,118
3087,2024-12-27,3320.29,114
3088,2024-12-27,7441.54,113
3089,2024-12-27,1946.33,120
3090,2024-12-27,5624.31,119
3091,2024-12-27,323.84,111
3092,2024-12-27,4594.12,105
3093,2024-12-27,2511.66,114
3094,2024-12-27,8500.25,115
3095,2024-12-27,5821.46,115
3096,2024-12-27,2122.88,102
3097,2024-12-27,6327.73,114
3098,2024-12-27,3521.5,120
3099,2024-12-27,8750.35,107
3100,2024-12-27,3457.26,101
3101,2024-12-27,8089.56,110
3102,2024-12-27,6352.99,104
3103,2024-12-28,3298.46,112
3104,2024-12-28,8770.82,117
3105,2024-12-28,4236.65,106
3106,2024-12-28,5434.05,118
3107,2024-12-28,2707.25,113
3108,2024-12-28,5779.14,114
3109,2024-12-28,8958.2,104
3110,2024-12-28,987.81,104
3111,2024-12-28,1111.34,114
3112,2024-12-28,8358.61,120
3113,2024-12-28,4628.58,115
3114,2024-12-28,7694.01,110
3115,2024-12-28,5052.97,115
3116,2024-12-28,8563.85,116
3117,2024-12-28,3832.83,115
3118,2024-12-28,265.93,113
3119,2024-12-28,4665.54,108
3120,2024-12-28,2904.09,109
3121,2024-12-28,,114
3122,2024-12-28,486.54,114
3123,2024-12-28,7597.77,112
3124,2024-12-28,2992.74,120
3125,2024-12-29,1894.41,113
3126,2024-12-29,7250.72,102
3127,2024-12-29,8465.65,105
3128,2024-12-29,3746.45,106
3129,2024-12-29,4048.13,106
3130,2024-12-29,4636.46,105
3131,2024-12-29,7617.67,113
3132,2024-12-29,7567.57,109
3133,2024-12-29,1992.11,111
3134,2024-12-29,300.54,114
3135,2024-12-29,443.8,105
3136,2024-12-29,5230.79,103
3137,2024-12-29,8853.04,105
3138,2024-12-29,1840.69,112
3139,2024-12-29,2811.92,108
3140,2024-12-29,6590.55,108
3141,2024-12-29,6978.45,113
3142,2024-12-29,929.08,109
3143,2024-12-29,5816.8,101
3144,2024-12-29,1175.2,104
3145,2024-12-30,2684.67,105
3146,2024-12-30,879.96,103
3147,2024-12-30,3638.04,107
3148,2024-12-30,3839.96,101
3149,2024-12-30,2049.6,103
3150,2024-12-30,5774.26,111
3151,2024-12-30,1781.3,106
3152,2024-12-30,6004.06,106
3153,2024-12-31,8943.91,111
3154,2024-12-31,,120
3155,2024-12-31,6725.93,117
3156,2024-12-31,5532.77,107
3157,2024-12-31,4702.35,117
3158,2024-12-31,1209.14,112
3159,2024-12-31,1418.37,111
